Site_ID,Site_Name,Date,ANC,pH,Cond,Temp,SO4,NO3,Cl,Ca,Mg,K,Na,SIO2
VT01,"Helton Creek",1987-10-27,141.47,6.6,24.13,,24.69,20.91,14.63,99.95,42.39,12.68,61.07,152.5
VT01,"Helton Creek",1988-01-25,67.63,6.6,19.59,,33.3,58.35,13.37,85.48,34.4,9.59,50.76,115.6
VT01,"Helton Creek",1988-04-26,76.62,6.7,21.65,,31.33,51.61,13.51,84.53,35.55,9.88,51.93,120.2
VT01,"Helton Creek",1988-07-27,164.19,6.6,21.65,,17.19,26.43,12.91,97.85,41.4,10.7,65.98,179.7
VT01,"Helton Creek",1988-10-25,93.19,6.7,22.17,,41.29,41.79,15.38,94.91,42.88,13.23,58.59,146.2
VT01,"Helton Creek",1989-01-27,85.31,6.6,20.62,,27.13,44.42,12.68,84.03,34.65,9.28,52.32,136.7
VT01,"Helton Creek",1989-04-24,82.38,6.7,17.53,,28.18,39.65,12.42,85.43,33.5,9.22,54.45,134.0
VT01,"Helton Creek",1989-07-25,118.94,6.6,18.87,,22.59,28.08,11.55,85.18,33.83,8.75,55.15,152.0
VT01,"Helton Creek",1989-10-27,94.5,6.6,18.97,,10.32,19.51,12.19,80.39,32.34,9.75,53.02,140.1
VT01,"Helton Creek",1990-01-29,64,6.4,19.28,,38.74,38.21,12.07,87.77,35.72,10.2,45.06,110.4
VT01,"Helton Creek",1990-04-30,84.5,6.6,20.1,,28.89,46.21,11.58,87.67,34.57,9.96,49.45,126.7
VT01,"Helton Creek",1990-07-30,118.94,6.6,20.72,15,19.61,38.08,11.01,90.77,36.38,9.07,56.76,155.5
VT01,"Helton Creek",1990-10-29,79.25,6.2,20.83,5,30.62,53.39,12.04,82.34,32.02,10.17,50.1,131.5
VT01,"Helton Creek",1991-01-29,65.01,6.2,20.52,3,23.27,49.97,11.55,79.69,32.1,8.7,51.67,133.8
VT01,"Helton Creek",1991-04-29,83.49,6.3,20,12.5,24.86,52.75,11.15,84.43,34.16,10.54,53.11,131.4
VT01,"Helton Creek",1991-07-29,112.98,6.3,21.86,14,32.51,35.91,11.21,94.36,38.19,9.78,57.85,150.7
VT01,"Helton Creek",1991-10-29,136.52,6.5,20.71,10,13.52,27.78,12.07,90.07,38.35,9.91,65.16,165.6
VT01,"Helton Creek",1992-01-28,74,6.4,20.44,15,21.71,54.9,11.7,82.63,34.9,8.59,53.85,137.6
VT01,"Helton Creek",1992-04-28,68.44,6.6,19.89,7,28.11,66.24,11.53,83.93,33.58,9.33,48.45,119.0
VT01,"Helton Creek",1992-07-28,82.68,6.7,21.88,14,38.85,50.31,10.92,96.56,38.11,9.81,51.28,135.2
VT01,"Helton Creek",1992-10-27,116.32,6.5,21.75,8,19.31,41.72,11.96,91.42,38.02,10.44,59.41,155.3
VT01,"Helton Creek",1993-01-25,66.52,6.6,20.69,1,30.09,70.05,11.18,87.38,33.33,8.57,48.36,123.4
VT01,"Helton Creek",1993-04-27,73.49,6.7,20.01,8,26.94,58.1,11.21,81.69,34.16,9.3,48.63,123.7
VT01,"Helton Creek",1993-07-29,134.8,6.9,21.92,15,14.3,36.57,13.08,92.07,39.42,10.15,65.85,177.6
VT01,"Helton Creek",1993-10-27,104.1,6.5,22.17,9,28.03,43.37,13.14,93.91,40.74,10.7,61.07,156.1
VT01,"Helton Creek",1994-01-25,73.49,6.6,19.66,4,28.01,56.8,12.13,79.84,33.99,8.72,51.02,128.1
VT01,"Helton Creek",1994-04-29,93.69,6.5,18.67,12,21.71,36.88,11.18,79.14,32.59,9.65,52.58,133.9
VT01,"Helton Creek",1994-07-27,103.79,6.6,20.92,14,29.85,34.87,10.61,89.72,36.13,9.33,54.54,142.7
VT01,"Helton Creek",1994-10-25,93.69,6.7,21.76,8,40.3,43.14,13.25,91.97,40.08,11.49,56.76,142.1
VT01,"Helton Creek",1995-01-30,66.62,6.6,18.57,2,28.82,53.23,10.58,77.6,32.59,8.8,48.36,127.4
VT01,"Helton Creek",1995-04-26,101.27,6.7,19.72,6,22.35,43.7,11.55,86.73,37.36,8.62,57.06,144.2
VT01,"Helton Creek",1995-07-31,134.5,6.5,20.9,14,15.5,29.34,12.16,90.82,37.94,8.86,60.67,165.9
VT01,"Helton Creek",1995-10-30,112.07,6.7,20.62,8,24.77,36.52,13.57,87.58,36.38,9.75,58.54,154.2
VT01,"Helton Creek",1996-01-29,48.24,6.4,18.92,3,36.9,61.99,11.79,77.55,30.45,9.41,43.54,111.3
VT01,"Helton Creek",1996-04-29,83.59,6.6,19.54,11,29.44,47.22,12.01,84.48,33.41,10.04,52.67,126.3
VT01,"Helton Creek",1996-07-25,137.93,6.5,22.86,14,20.04,24.39,13.17,94.86,39.34,8.83,61.07,163.4
VT01,"Helton Creek",1996-10-29,127.33,6.6,21.42,12,27.3,31.27,14.6,92.22,40.08,11.39,61.98,158.8
VT01,"Helton Creek",1997-01-27,71.67,6.6,20.16,3,33.17,55.81,12.22,83.68,35.64,8.41,51.89,128.2
VT01,"Helton Creek",1997-04-28,66.62,6.6,19.48,8,35.23,41.95,11.67,84.53,33.66,9.28,46.28,114.6
VT01,"Helton Creek",1997-07-28,130.05,6.5,20.38,15,19.63,30.36,11.64,89.07,37.61,9.28,57.24,157.9
VT01,"Helton Creek",1997-10-28,130.76,6.4,22.73,5,19.07,25.47,15.38,97.11,42.8,9.91,62.24,169.1
VT01,"Helton Creek",1998-04-28,82.68,6.2,19.23,7,26.36,41.58,11.41,76.85,30.86,8.75,46.19,119.0
VT01,"Helton Creek",1998-07-27,124.7,6.7,21.93,13,16.82,30.16,12.25,85.78,35.8,8.75,57.76,157.3
VT01,"Helton Creek",1998-10-28,153.08,6.7,21.44,10,12.67,17.17,13.51,93.21,41.23,9.96,65.89,175.0
VT01,"Helton Creek",1999-01-27,51.47,6.0,21.04,6,42.02,61.53,12.22,82.93,31.85,10.41,46.75,114.0
VT01,"Helton Creek",1999-04-28,75.21,6.2,20.6,9,20.27,25.56,11.79,85.83,33.91,9.75,49.06,117.2
VT01,"Helton Creek",1999-07-28,118.13,6.1,23.98,15,32.59,39.51,12.82,99.15,41.48,9.86,61.37,153.6
VT01,"Helton Creek",1999-10-25,95.01,6.5,22.5,6,32.51,43.97,13.48,90.07,38.85,9.75,58.46,144.4
VT01,"Helton Creek",2000-01-26,87.83,6.4,19.67,1,25.63,51.16,12.45,86.63,36.54,7.8,54.41,138.3
VT01,"Helton Creek",2000-04-26,62.58,6.7,20.92,7,36.21,56.03,12.39,86.43,32.92,9.33,47.8,114.8
VT01,"Helton Creek",2000-07-27,112.18,6.7,21.79,13,23.64,37.42,11.53,89.97,38.11,8.8,58.63,152.1
VT01,"Helton Creek",2000-10-30,140.86,6.8,22.68,6,15.47,24.16,12.65,95.46,42.14,9.07,63.89,168.5
VT01,"Helton Creek",2001-01-29,82.68,6.0,22.17,3,29.1,56.17,11.61,92.52,36.46,9.62,55.19,132.5
VT01,"Helton Creek",2001-04-24,92.78,6.5,21.72,11,26.81,55.77,11.55,89.42,36.54,10.07,55.11,129.9
VT01,"Helton Creek",2001-07-31,56.52,5.9,19.69,13,44.23,54.38,12.45,86.63,30.78,10.33,43.71,112.1
VT01,"Helton Creek",2001-11-01,132.38,6.6,21.35,7,16.31,32.09,12.45,89.82,38.02,9.49,60.54,162.2
VT01,"Helton Creek",2002-01-29,61.57,6.3,21.55,7,36.79,64.07,12.62,84.33,35.06,11.36,48.19,120.5
VT01,"Helton Creek",2002-04-29,89.96,6.7,21.16,10,6.39,32.13,12.68,86.88,35.06,10.1,55.15,131.8
VT01,"Helton Creek",2002-07-29,114.4,6.8,23.24,15,26.42,39.06,12.1,98.05,39.01,9.99,61.28,159.5
VT01,"Helton Creek",2002-10-31,57.53,6.5,20.89,8,45.25,51.27,14.81,96.36,36.54,12.42,52.5,122.8
VT01,"Helton Creek",2003-01-28,87.83,6.5,19.47,0,20.9,48.3,12.76,82.78,34.4,7.54,55.8,140.2
VT01,"Helton Creek",2003-05-01,86.82,6.1,19.34,10,21.22,33.79,12.68,83.93,33.25,9.44,52.41,128.4
VT01,"Helton Creek",2003-07-31,113.79,6.5,21,14,22.35,32.98,12.39,90.57,36.38,8.72,56.76,148.1
VT01,"Helton Creek",2003-10-29,105.51,6.8,21.8,8,28.14,15.02,15.38,88.62,37.12,11.02,58.67,145.7
VT01,"Helton Creek",2004-01-27,82.38,6.7,20.2,4,24.69,41.92,12.36,79.14,33,8.67,54.28,129.0
VT01,"Helton Creek",2004-04-28,85.21,6.2,20.8,8,27.39,34.33,14.2,85.58,33.91,9.52,51.45,126.6
VT01,"Helton Creek",2004-08-03,133.18,6.5,22.1,14,22.07,34.17,12.16,95.46,38.68,9.36,60.85,161.1
VT01,"Helton Creek",2004-10-27,100.46,6.4,21.5,11,32.12,29.78,14.03,91.47,37.28,11.62,55.41,137.8
VT01,"Helton Creek",2005-01-25,81.67,6.7,20.3,2,26.96,47.22,12.19,82.78,33.91,8.36,52.71,133.6
VT01,"Helton Creek",2005-04-26,70.16,6.7,19.6,7,31.29,44.76,11.47,80.99,33.66,8.78,48.8,118.9
VT01,"Helton Creek",2005-08-01,127.22,6.5,21.8,15,23.1,29.41,12.1,94.11,38.19,9.22,64.42,158.5
VT01,"Helton Creek",2005-10-26,133.99,6.7,21.8,6,26.37,6.98,13.97,96.69,42.31,10.75,63.85,159.6
VT01,"Helton Creek",2006-01-30,65.82,6.6,20,5.5,33.82,45.61,12.55,85.67,33.48,9.62,52.98,128.3
VT01,"Helton Creek",2006-05-01,70.07,6.7,20,8,22.86,34.08,11.94,84.7,32.3,9.9,50.31,119.7
VT01,"Helton Creek",2006-07-31,123.89,6.5,21.5,15,26.17,25.99,12.19,96.24,37.73,9.46,61.1,156.8
VT01,"Helton Creek",2006-10-30,60.72,6.6,21.2,9,43.33,54.17,12.57,86.03,32.84,11.16,52.5,122.9
VT01,"Helton Creek",2007-01-30,74.83,6.7,19.9,2,28.59,48.29,12.08,81.31,34.09,8.11,55.06,134.4
VT01,"Helton Creek",2007-04-30,81.73,6.8,19.9,11,23.08,27.32,12.16,81.12,32.75,9.53,55.51,130.9
VT01,"Helton Creek",2007-07-30,79.3,6.8,19.7,15,40.96,51.88,12.1,96.79,36.68,9.89,56.13,139.1
VT01,"Helton Creek",2007-10-29,93.08,6.7,20.9,7,38.13,42.02,14.01,97,41.82,11.98,60.75,144.7
VT01,"Helton Creek",2008-01-28,89.51,6.4,18.3,3,25.77,42.81,12.5,82.2,34.32,8.15,58.03,141.9
VT01,"Helton Creek",2008-04-30,70.21,6.5,19.8,10,40.83,43.69,11.99,77.85,32.66,9.62,52.16,121.2
VT01,"Helton Creek",2008-07-30,137.97,6.9,22.7,15,20.52,28.14,11.68,99.56,40.23,9.29,67.05,167.6
VT01,"Helton Creek",2008-10-29,117.52,6.7,21.9,3,28.56,31.75,13.4,91.81,40.15,10.11,61.95,152.3
VT01,"Helton Creek",2009-01-26,80.76,6.7,19.3,4,29.26,40.57,12.43,77.14,32.41,8.24,53.5,130.3
VT01,"Helton Creek",2009-04-28,88.44,6.3,19.6,11,30.88,23.39,12.15,77.22,30.56,9.24,53.92,127.0
VT01,"Helton Creek",2009-07-29,112.34,6.8,21.3,14,27.53,19.98,11.93,87.91,35.83,9.16,58.87,148.3
VT01,"Helton Creek",2009-10-26,97.17,6.8,20.3,8,34.14,18.67,12.55,80.03,33.05,10.12,56.43,136.3
VT01,"Helton Creek",2010-01-27,46.6,6.4,18.2,3,35.4,30.28,11.56,65.69,25.81,9.76,44.55,106.8
VT01,"Helton Creek",2010-04-28,75.93,6.3,19.1,6,38.35,34.23,10.75,78.51,31.24,8.78,49.94,117.4
VT01,"Helton Creek",2010-07-28,135.79,6.6,21.6,16,21.24,18.94,12.96,87.39,37.55,10.01,65.06,164.4
VT01,"Helton Creek",2010-10-26,148.74,6.8,22.5,11,23.05,5.31,13.82,93.49,40.94,11.8,67.58,163.1
VT01,"Helton Creek",2011-04-25,84.46,6.8,18.4,11,29.55,20.36,12.09,72.82,29.74,9.44,52.01,123.7
VT01,"Helton Creek",2011-07-27,117,6.9,22.3,15,27.32,24.34,12.64,90.24,37.52,10.1,64.3,161.3
VT01,"Helton Creek",2011-10-25,101.02,6.7,22,9,39.48,36.67,12.87,89.27,37.33,10.97,61.06,144.3
VT01,"Helton Creek",2012-01-25,53.21,6.2,18.9,8,41.02,30.43,11.46,73.08,28,10.26,47.44,115.0
VT01,"Helton Creek",2012-04-25,79.03,6.6,18.8,7,14.74,14.3,10.65,72.52,31.59,9.27,51.67,122.9
VT01,"Helton Creek",2012-07-31,92.76,6.7,20.9,15,35.8,29.66,11.57,88.45,35.2,11.15,55.6,140.6
VT01,"Helton Creek",2012-10-25,118.12,6.8,20.6,9,30.63,30.02,11.9,80.67,34.63,10.36,61.19,151.5
VT01,"Helton Creek",2013-04-30,78.96,6.8,18.4,10,35.31,36.04,10.82,76.19,30.03,9.56,49.7,117.0
VT01,"Helton Creek",2013-07-30,74.54,6.8,19,9,39.14,32.77,10.75,77.51,30.54,8.61,49.89,128.6
VT01,"Helton Creek",2014-01-30,86.38,6.9,18.5,0,25.86,33.94,11.17,77.24,31.84,7.41,53.62,144.1
VT01,"Helton Creek",2014-05-05,78.15,6.8,19,9,37.13,33.96,10.43,80.7,30.56,10.14,52.21,124.6
VT01,"Helton Creek",2014-07-29,131.83,7.0,28.7,13,29.19,21.86,66.87,111.07,50.59,12.05,96.88,169.5
VT01,"Helton Creek",2014-10-27,105.43,6.9,26.9,9,34.13,19.54,73.31,95.75,45.15,12.88,95.73,151.0
VT01,"Helton Creek",2015-01-29,96.85,6.8,30.2,4,27.99,32,102.7,101.75,50.39,9.53,106.5,147.0
VT01,"Helton Creek",2015-04-28,74.82,6.7,17.6,9,32.79,33.07,9.97,72.45,28.72,9.1,48.46,119.6
VT01,"Helton Creek",2015-07-28,118.61,6.4,20,14,28.16,22.67,10.64,87.82,35.01,9.11,57.87,152.8
VT01,"Helton Creek",2015-11-02,86.84,6.6,19.4,11,40.27,29.12,10.87,74.69,31.57,11.07,52.85,133.7
VT01,"Helton Creek",2016-02-02,67.9,6.6,17.7,5,39.14,32.03,9.8,68.97,29.63,8.61,46.32,114.8
VT01,"Helton Creek",2016-04-27,103.04,6.8,19.2,11,31.86,23.35,10.71,75.96,32.94,9.45,55.9,132.0
VT01,"Helton Creek",2016-07-25,120.06,6.9,20.3,15,23.99,21.44,11.01,79.34,33.68,9.11,60.35,156.9
VT01,"Helton Creek",2016-10-31,154.71,6.9,21.3,11.5,19.81,7.43,11.89,86.12,38.45,10.67,66.12,167.6
VT01,"Helton Creek",2017-01-31,66.04,6.6,16.8,5,34.6,24.31,9.98,63.15,26.02,8.63,47.7,121.6
VT01,"Helton Creek",2017-05-02,92.27,6.8,24.8,12,40.11,12,52.96,80.11,39.85,13.28,82.49,131.2
VT01,"Helton Creek",2017-07-26,121.08,6.5,20.1,12,23.74,15.76,10.37,78.57,33.63,9.22,61.35,151.5
VT01,"Helton Creek",2017-10-25,69.01,6.5,22.6,9,43.67,25.64,44.01,66.42,34.14,14.43,75.54,131.7
VT01,"Helton Creek",2018-01-29,80.48,6.8,19,5,28.79,34.41,10.04,68.36,29.25,8.87,53.25,133.4
VT01,"Helton Creek",2018-04-23,72.24,6.6,17.8,9,31.24,22.48,10.41,66.49,27.17,8.92,49.21,116.8
VT01,"Helton Creek",2018-07-30,98.67,6.8,20.7,16,34.41,30.2,10.47,83.03,33.75,9.62,57.34,147.1
VT01,"Helton Creek",2018-10-29,66.55,6.4,18.6,9,39.71,39.43,10.32,72.51,29.46,11.41,49.08,122.9
VT01,"Helton Creek",2019-02-04,82.82,6.8,17.4,5,26.2,23.34,9.84,70.93,29.74,9.01,50.62,127.6
VT01,"Helton Creek",2019-04-22,57.4,6.7,17.4,9,37.76,31.94,8.84,73.26,28.07,11.14,45.15,110.2
VT01,"Helton Creek",2019-07-29,93.47,6.9,18.8,14,23.03,22.05,9.29,80.49,32.53,9.11,53.64,141.9
VT01,"Helton Creek",2019-10-29,74.39,6.7,20.8,12,45.98,39.31,10.28,80.64,32.45,12.72,52.29,132.1
VT01,"Helton Creek",2020-01-28,73.39,6.7,17.8,3,31.39,22.35,9.36,67.86,29.1,8.71,49.62,126.9
VT01,"Helton Creek",2020-04-27,38.52,6.3,15,9,45.73,20.54,8.86,37.13,21.25,14.52,52.57,124.0
VT01,"Helton Creek",2020-07-27,122.23,6.5,19.7,15,24.76,16.51,9.32,85.03,35.3,9.6,57.15,150.8
VT01,"Helton Creek",2020-10-26,115.46,6.8,19.4,12,28.93,17.33,10.71,79.56,34.14,11.44,56.6,148.7
VT01,"Helton Creek",2021-02-05,71.36,6.7,17.5,2.5,31.52,31.17,8.78,67.45,28.77,8.81,49.47,128.8
VT01,"Helton Creek",2021-05-03,84.18,6.2,18.6,10,32.29,18.82,9.15,73.47,30.74,9.5,50.89,126.2
VT01,"Helton Creek",2021-07-26,113.08,6.8,20.1,15,20.31,16.39,10.71,82,33.38,9.54,59.05,162.8
VT01,"Helton Creek",2021-10-25,113.13,6.8,19.8,12,29.33,21.6,10.3,81.23,34.42,10.2,57.43,150.9
VT02,"Lewis Fork",1987-10-27,68.85,6.4,17.11,,49.84,2.74,12.88,54.09,27.08,14.31,50.41,136.0
VT02,"Lewis Fork",1988-01-25,27.84,6.2,15.98,,47.93,40.65,12.68,55.64,27.16,12.68,45.28,106.8
VT02,"Lewis Fork",1988-04-28,32.28,6.3,17.01,,49.43,34.84,12.27,54.89,26.58,12.13,43.36,111.8
VT02,"Lewis Fork",1988-07-27,75.31,6.6,18.35,,46.73,22.04,12.42,57.64,28.23,16.48,61.15,166.9
VT02,"Lewis Fork",1988-10-25,50.87,6.4,17.53,,70.73,8.15,14.83,51.45,27.98,15.58,49.89,133.2
VT02,"Lewis Fork",1989-01-27,28.85,6.2,16.69,,47.18,31.7,12.59,54.94,26.67,11.52,44.06,120.9
VT02,"Lewis Fork",1989-04-24,32.89,6.4,15.98,,48.08,26.6,12.39,53.09,24.03,11.78,45.97,119.1
VT02,"Lewis Fork",1989-07-25,51.47,6.3,15.87,,47.77,13.4,11.41,53.34,23.62,12.13,47.45,140.5
VT02,"Lewis Fork",1989-10-27,39.56,6.3,15.47,,49.87,4.22,12.85,51.7,24.03,12.65,45.67,132.4
VT02,"Lewis Fork",1990-01-29,24.91,6.1,17.22,,45.15,30.94,10.89,58.88,27.08,12.52,40.62,109.1
VT02,"Lewis Fork",1990-04-26,35.62,6.3,11.03,,47.12,41.28,12.07,56.34,25.35,13.95,40.75,116.2
VT02,"Lewis Fork",1990-07-30,52.38,6.5,16.19,17,45.19,28.13,10.84,55.59,25.35,13.65,49.1,148.3
VT02,"Lewis Fork",1990-10-29,30.57,6.2,20.62,5,48.12,38.9,12.73,52.84,24.44,12.31,42.45,125.5
VT02,"Lewis Fork",1991-01-29,31.17,6.2,16.91,3,41.63,49.21,12.07,54.39,25.84,11.28,43.67,119.7
VT02,"Lewis Fork",1991-04-29,32.28,6.3,16.7,12,44.98,45.53,11.21,54.39,25.1,13.84,43.67,117.8
VT02,"Lewis Fork",1991-07-29,52.89,6.4,16.86,15,46.45,17.59,10.72,53.64,24.86,13.26,49.84,144.2
VT02,"Lewis Fork",1991-10-29,76.72,6.6,16.47,10,41.44,11.73,12.42,49.15,25.6,13.87,60.02,159.2
VT02,"Lewis Fork",1992-01-28,34.71,6.3,16.86,14,41.31,50.74,12.25,53.89,26.99,11.26,44.97,120.5
VT02,"Lewis Fork",1992-04-28,24.71,6.2,16.63,7,45.13,52.2,11.64,54.89,26.17,12.15,40.01,108.4
VT02,"Lewis Fork",1992-07-28,29.66,6.3,16.54,14,61.21,29.27,9.77,55.79,24.61,12.63,41.14,125.5
VT02,"Lewis Fork",1992-10-27,54.91,6.5,16.28,7,43.43,24.75,11.67,51.3,24.94,12.52,48.76,139.7
VT02,"Lewis Fork",1993-01-25,27.13,6.2,16.48,2,46.58,49.06,11.09,54.59,24.44,10.78,39.49,111.9
VT02,"Lewis Fork",1993-04-27,26.22,6.2,16.08,5,46.78,43.73,10.75,51.3,25.35,12.1,38.49,109.5
VT02,"Lewis Fork",1993-07-29,64,6.6,17.83,17,44.2,32.69,12.59,52.5,25.35,15.37,60.98,171.6
VT02,"Lewis Fork",1993-10-27,59.15,6.5,16.34,10,55.24,11.73,12.59,48.3,27.24,13.89,53.58,146.3
VT02,"Lewis Fork",1994-01-25,27.13,6.2,15.87,1,47.78,41.58,11.79,49.5,25.02,10.47,40.75,110.5
VT02,"Lewis Fork",1994-04-29,32.28,5.8,16.59,10,51.92,7.93,8.36,53.09,23.79,17.77,32.4,77.32
VT02,"Lewis Fork",1994-07-27,44.81,6.4,14.78,15,47.7,14.25,8.74,47.46,22.22,12.26,42.06,124.6
VT02,"Lewis Fork",1994-10-25,34.71,6.4,15.86,9,59.16,22.55,13.17,50.85,25.18,12.78,44.58,128.2
VT02,"Lewis Fork",1995-01-30,26.22,6.1,15.46,1,46.62,40.3,10.2,49.05,23.79,11.41,38.53,112.1
VT02,"Lewis Fork",1995-04-26,34.71,6.3,15.84,6,46.45,40,11.3,51.95,25.6,12.05,45.58,124.6
VT02,"Lewis Fork",1995-07-31,57.23,6.4,17.03,17,45.49,25.19,11.67,51.7,25.1,13.95,55.24,161.4
VT02,"Lewis Fork",1995-10-30,49.86,6.4,15.29,8,48.7,18.59,12.94,47.16,23.21,11.33,47.97,139.8
VT02,"Lewis Fork",1996-01-29,17.94,5.9,15.21,2,48.62,39.32,11.64,48.6,23.04,10.73,35.79,103.7
VT02,"Lewis Fork",1996-04-29,28.04,6.2,15.15,12,49.54,34.24,11.44,49.05,22.47,12.18,42.1,115.8
VT02,"Lewis Fork",1996-07-25,61.17,6.4,16.26,14,48.64,20.26,11.53,52.89,25.27,12.78,51.54,151.4
VT02,"Lewis Fork",1996-10-29,51.47,6.6,15.26,12,49.84,14.05,13.11,47.21,24.03,12.94,49.97,141.4
VT02,"Lewis Fork",1997-01-27,29.66,6.2,15.16,2,45.36,37.45,11.5,47.51,24.11,10.86,42.93,115.9
VT02,"Lewis Fork",1997-04-28,24.31,6.1,15.86,8,50.05,37.56,11.41,52,24.28,11.68,38.97,107.9
VT02,"Lewis Fork",1997-07-28,55.72,6.4,15.54,14,46.56,25.38,11.81,50.95,25.02,13.58,49.41,148.8
VT02,"Lewis Fork",1997-10-28,53.29,6.5,15.5,5,52.99,23.19,15.47,52.4,28.31,14.87,52.93,143.9
VT02,"Lewis Fork",1998-02-02,29.36,6.2,16.2,3,47.4,41.08,11.87,52.84,24.11,10.62,41.19,116.7
VT02,"Lewis Fork",1998-04-28,28.04,6.1,15.57,8,47.59,33.54,10.92,49.05,22.47,11.6,37.05,107.1
VT02,"Lewis Fork",1998-07-27,52.38,6.5,16.51,15,46.2,25.67,11.87,47.7,23.13,13.6,51.41,151.6
VT02,"Lewis Fork",1998-10-28,81.77,6.4,17.31,9,44.44,0.65,14.75,45.66,24.28,16.11,60.2,162.3
VT02,"Lewis Fork",1999-01-27,20.37,6.0,16.53,6,53.37,41.22,12.76,51.35,23.7,11.78,38.97,106.7
VT02,"Lewis Fork",1999-04-28,23.7,6.1,16.53,9,57.21,35.38,12.19,54.19,23.79,12.5,38.45,105.2
VT02,"Lewis Fork",1999-07-28,45.72,6.3,17.16,16,60.23,25.02,11.84,54.09,26.67,12.36,50.45,141.1
VT02,"Lewis Fork",1999-10-25,46.42,6.3,16.03,7,54.32,16.63,13.11,48.2,25.35,10.73,49.63,135.7
VT02,"Lewis Fork",2000-01-26,35.52,6.2,16.14,0,46.3,37.81,12.71,51.85,25.68,9.44,45.58,121.5
VT02,"Lewis Fork",2000-04-26,22.08,6.0,15.81,9,53.31,37.91,12.39,53.69,24.28,11.12,39.32,107.0
VT02,"Lewis Fork",2000-07-27,46.42,6.6,16.55,14,49.47,20.39,11.38,51.55,25.92,11.1,49.63,141.5
VT02,"Lewis Fork",2000-10-30,73.49,6.7,17.09,8,44.31,10.29,12.36,49.75,27.08,12.15,57.54,155.6
VT02,"Lewis Fork",2001-01-29,32.18,6.4,17.48,4,46.97,45.09,11.87,55.59,26.25,10.54,46.84,120.6
VT02,"Lewis Fork",2001-04-24,30.57,6.5,16.85,12,47.85,40.33,11.67,50.45,25.1,11.78,44.36,118.7
VT02,"Lewis Fork",2001-07-31,20.47,5.8,15.28,13,58.47,29.03,11.7,50.3,22.14,11.39,36.97,111.9
VT02,"Lewis Fork",2001-11-01,58.34,6.4,16.29,7,45.64,20.9,12.99,48.8,25.51,12.55,53.15,146.8
VT02,"Lewis Fork",2002-01-29,22.99,6.0,16.96,6,50.25,47.19,13.6,54.24,27.49,11.92,40.97,112.5
VT02,"Lewis Fork",2002-04-29,31.27,6.4,16.47,12,49.22,33.66,13.34,50.2,24.03,12.73,45.58,123.9
VT02,"Lewis Fork",2002-07-29,57.53,6.6,18.04,17,52.41,23.9,11.73,54.09,26.09,13.26,54.11,153.7
VT02,"Lewis Fork",2002-10-31,29.76,6.3,15.78,9,59.97,15.53,16.85,53.44,25.02,12.2,47.41,125.0
VT02,"Lewis Fork",2003-01-28,36.43,6.3,15.75,,43.73,40.5,12.76,50.85,24.86,9.49,47.1,124.1
VT02,"Lewis Fork",2003-05-01,31.27,6.2,15.55,10,48.49,29.41,12.16,47.85,22.39,11.92,42.67,116.7
VT02,"Lewis Fork",2003-07-31,43.09,6.3,15.5,15,49.05,15.8,11.73,47.95,23.04,11.81,48.23,138.2
VT02,"Lewis Fork",2003-10-29,39.86,6.5,16.3,10,48.15,14.84,13.45,47.7,24.61,12.5,49.45,133.9
VT02,"Lewis Fork",2004-01-27,28.04,6.2,16.1,3,44.87,41.95,12.01,48.75,24.61,10.47,43.4,117.7
VT02,"Lewis Fork",2004-04-28,27.13,6.2,15.8,6,45.85,34.54,11.93,48.9,23.7,11.76,41.75,115.0
VT02,"Lewis Fork",2004-08-03,53.29,6.4,15.3,15,46.6,14.79,11.44,47.41,24.03,11.97,49.97,146.2
VT02,"Lewis Fork",2004-10-27,43.19,6.2,15.5,11.5,50.37,3.05,12.82,47.7,23.54,14.84,44.93,126.8
VT02,"Lewis Fork",2005-01-25,27.64,6.2,15.6,1.5,46.65,39.54,11.93,48.05,23.87,10.25,42.75,117.6
VT02,"Lewis Fork",2005-04-26,26.33,6.3,14.8,7,47.85,31.07,11.12,46.21,22.8,11.73,40.79,109.6
VT02,"Lewis Fork",2005-08-01,50.77,6.4,16.5,17,49.54,19.82,11.41,50.25,23.95,12.78,53.06,150.4
VT02,"Lewis Fork",2005-10-26,53.26,6.5,16.2,8,56.61,0,14.72,49.35,24.86,13.81,54.61,139.3
VT02,"Lewis Fork",2006-01-30,25.48,6.2,15.7,5,50.54,31.22,12.55,50.8,24.12,11.2,44.06,116.7
VT02,"Lewis Fork",2006-05-01,28.01,6.2,15.7,7,43,13.95,11.9,50.73,23.71,11.72,43.49,113.9
VT02,"Lewis Fork",2006-07-31,50.68,6.4,15.6,14,44.24,0,11.61,50.68,23.86,12.21,50.94,145.7
VT02,"Lewis Fork",2006-10-30,24.75,6.2,15.8,9,54.91,30.81,12.55,48.05,22.86,11.8,45.01,120.6
VT02,"Lewis Fork",2007-01-30,25.96,6.4,16.4,2,46.49,40.21,11.82,48.53,24.22,9.98,45.99,119.1
VT02,"Lewis Fork",2007-04-30,25.17,6.3,16.2,11,48.52,32.43,11.89,47.89,23.22,12.15,45.76,120.1
VT02,"Lewis Fork",2007-07-30,38.29,6.4,14.1,14,54.83,17.36,11.32,50.58,23.84,11.49,48.16,133.7
VT02,"Lewis Fork",2007-10-29,30.14,6.3,14.6,7,64.91,16.15,15.55,47.09,23.15,13.05,49.58,132.6
VT02,"Lewis Fork",2008-01-28,32.45,6.4,14.3,2,47.62,32.17,12.72,44.72,22.91,9.6,48.52,124.4
VT02,"Lewis Fork",2008-04-30,24.81,6.3,14.8,8,54.34,25.66,12.08,43.16,22.14,11.05,43.5,115.8
VT02,"Lewis Fork",2008-07-30,63.37,6.5,17.3,,48.4,22.36,11.38,51.28,25.04,14.08,60.5,154.5
VT02,"Lewis Fork",2008-10-29,48.76,6.4,15.4,4,54.87,7.68,13.24,46.53,25.12,11.41,50.69,134.8
VT02,"Lewis Fork",2009-01-26,28.49,6.2,15.1,3,48.89,30.97,12.24,46.25,22.99,10.21,44.61,116.0
VT02,"Lewis Fork",2009-04-27,29.91,6.3,14.8,14,51.04,12.92,11.8,42,19.13,11.64,44.97,114
VT02,"Lewis Fork",2009-07-30,42.58,6.3,15.2,14,41.79,0,11,45.64,21.37,11.46,47.84,132.8
VT02,"Lewis Fork",2009-10-26,38.99,6.4,15.3,8,47.64,6.53,11.97,38.84,20.43,11.86,48.47,128.0
VT02,"Lewis Fork",2010-01-27,13.03,5.9,15,4,50.94,32.71,10.84,42.23,20.81,11.22,37.48,100.0
VT02,"Lewis Fork",2010-04-28,24.37,6.1,14.7,7,49.75,29.53,10.32,43.15,20.53,11.93,41.23,108.3
VT02,"Lewis Fork",2010-07-28,56.68,6.5,16.5,17,45.75,4.76,12.04,46.23,22.78,14.44,58.83,157.5
VT02,"Lewis Fork",2010-10-26,68.92,6.5,16.1,11.5,50.67,0,13.31,42.73,24.24,16.05,57.36,147.9
VT02,"Lewis Fork",2011-01-31,35.61,6.4,14.7,,42.81,26.36,11.99,40.62,22.02,10.77,47.96,118.5
VT02,"Lewis Fork",2011-04-25,28.62,6.3,14.6,10,49.31,19.25,11.65,41.56,20.49,12,43.29,115.6
VT02,"Lewis Fork",2011-07-27,35.76,6.4,15.5,16,55.2,14.2,11.83,45.71,21.19,12.69,49.49,137.9
VT02,"Lewis Fork",2011-10-25,41.89,6.4,15.1,9,53.06,16.57,12.6,43.07,22.05,11.83,50.21,134.2
VT02,"Lewis Fork",2012-01-26,18.81,6.0,14.6,6,51.66,27.54,10.77,42.87,20.54,11.53,39.99,108.9
VT02,"Lewis Fork",2012-04-25,28.34,6.3,14.9,8,41.02,18.38,10.43,43.68,21.9,12.3,43.03,111.2
VT02,"Lewis Fork",2012-07-31,41.41,6.4,15,16,44.16,6.16,9.53,52.25,22.99,12.16,43.54,114.9
VT02,"Lewis Fork",2012-10-25,54,6.5,15,8,49.39,11.37,11.58,39.13,22.01,12.32,51.59,139.9
VT02,"Lewis Fork",2013-02-07,23.38,6.2,14.3,4,46.83,29.47,10.13,42.62,21.02,11.08,40.92,111.5
VT02,"Lewis Fork",2013-04-30,27.39,6.3,13.9,8,50.91,22.57,9.83,41.14,19.92,11.57,40.37,109.0
VT02,"Lewis Fork",2013-07-30,33.23,6.5,14,13,49.7,14.45,9.79,41.04,19.79,11.02,43.01,126.2
VT02,"Lewis Fork",2013-10-29,58.64,6.5,14.9,9,46.06,7.4,11.48,41.06,22.28,13.83,50.81,141.1
VT02,"Lewis Fork",2014-01-28,30.93,6.4,14.9,0,45.56,31.46,10.33,45.06,22.16,9.93,44.4,119.4
VT02,"Lewis Fork",2014-05-05,28.19,6.4,14.4,11,49.96,25.81,10.01,44.53,20.57,12,43.12,113.7
VT02,"Lewis Fork",2014-07-29,48.29,6.5,15.7,14,51.87,18.06,10.18,50.2,23.42,12.06,53.28,149.5
VT02,"Lewis Fork",2014-10-27,38.94,6.5,14.1,9,49.32,15.89,10.6,44.5,20.92,11.59,46.37,133.2
VT02,"Lewis Fork",2015-01-29,35.05,6.3,14.4,1,43.56,29.26,10.41,44.62,22.29,9.96,46.4,122.9
VT02,"Lewis Fork",2015-04-28,25.69,6.2,13.5,10,48.36,22.82,9.07,39.79,19.24,11.78,39.33,110.3
VT02,"Lewis Fork",2015-07-28,51.18,6.3,14.5,16,45.02,12.1,9.82,43.72,21.48,11.83,48.84,143.1
VT02,"Lewis Fork",2015-11-02,36.95,6.3,13.9,12,49.69,12.65,10.52,36.1,18.9,12.03,44.21,126.8
VT02,"Lewis Fork",2016-02-02,27.4,6.2,13.6,4,44.95,26.08,9.51,36.83,20.04,11.64,39.99,105.0
VT02,"Lewis Fork",2016-04-27,38.69,6.4,13.9,12,45.95,19.47,10.14,36.28,19.39,12.52,45.34,122.2
VT02,"Lewis Fork",2016-07-25,53.19,6.6,15.3,17,43.57,13.64,10.18,41.12,21.14,13.21,53.42,149.3
VT02,"Lewis Fork",2016-10-31,72.09,6.6,15.4,12,46.32,1.83,11.6,37.94,22.48,15.13,55.98,152.0
VT02,"Lewis Fork",2017-01-31,23.01,6.2,13.5,1,47.28,23.71,9.4,36.01,18.35,11.21,40.63,111.4
VT02,"Lewis Fork",2017-07-26,47.8,6.3,14.9,13,44.14,13.19,9.8,38.42,19.94,13.93,53.17,144.1
VT02,"Lewis Fork",2017-10-25,28.72,6.1,14.1,9,48.28,14.14,14.34,33.66,17.38,13.29,47.62,121.8
VT02,"Lewis Fork",2018-01-29,29.92,6.3,15.3,5,41.9,27.27,18.73,37.48,20.46,10.75,49.63,116.6
VT02,"Lewis Fork",2018-04-23,26.29,6.2,13.5,8,47.05,19.69,9.51,34,17.26,10.84,38.87,108.7
VT02,"Lewis Fork",2018-07-30,54.21,6.6,15.5,16,47.57,13.69,10.02,46.2,22.87,12.82,52.62,149.3
VT02,"Lewis Fork",2018-10-29,28.62,6.3,13,10,49.15,16.76,10.04,35.41,17.72,12.76,40.9,119.2
VT02,"Lewis Fork",2019-02-04,29.36,6.3,13.1,2,43.19,24.74,8.6,38.53,19.93,10.74,40.65,112.2
VT02,"Lewis Fork",2019-04-22,22.93,6.1,12.9,8,45.38,19.77,8.15,39.01,18.89,11.9,35.94,102.3
VT02,"Lewis Fork",2019-07-29,38.9,6.4,13.4,15,42.41,13.25,8.64,40.22,19.59,11.84,43.7,130.2
VT02,"Lewis Fork",2019-10-29,37.7,6.4,14.3,11,51.6,9.36,11.18,38.7,20.32,14.12,45,129.4
VT02,"Lewis Fork",2020-01-28,28.5,6.3,13.1,4,45.08,18.49,9.21,36,18.84,10.42,40.44,114.5
VT02,"Lewis Fork",2020-04-27,24.81,6.1,12.9,9,44.56,14.9,13.01,35.49,17.85,11.53,41.32,104.4
VT02,"Lewis Fork",2020-07-27,44.73,6.1,13.8,18,43.04,8.22,7.86,40.86,20.55,12.67,46.7,139.1
VT02,"Lewis Fork",2020-10-26,52.37,6.5,13.4,12,45.02,4.19,9.96,38.07,20.66,13.53,45.84,134.5
VT02,"Lewis Fork",2021-02-05,24.89,6.3,13.4,3,43.13,24.43,9.37,36.17,18.93,10.93,40.64,113.3
VT02,"Lewis Fork",2021-05-03,29.55,6.3,13.5,10,41.54,6.69,8.77,35.81,18.3,12.13,40.47,112.9
VT02,"Lewis Fork",2021-07-26,48.83,6.5,14.6,16,39.91,1.77,9.32,42.17,20.85,11.68,48.45,149
VT02,"Lewis Fork",2021-10-25,54.18,6.6,13.9,11,43.03,5.02,9.77,38.41,21,12.85,47.67,141.2
VT03,"Fox Creek",1987-10-27,108.03,6.5,17.53,,29.68,0.65,10.78,54.39,45.27,22.49,40.14,134.1
VT03,"Fox Creek",1988-01-25,55.72,6.5,12.17,,29.19,1.92,10.26,34.18,32.84,13.76,25.22,92.47
VT03,"Fox Creek",1988-04-28,67.53,6.6,12.99,,27.34,2.35,9.8,36.68,35.72,15.79,27.57,100.1
VT03,"Fox Creek",1988-07-27,120.05,6.6,18.15,,30.6,3.09,8.99,56.19,49.87,21.35,42.84,137.9
VT03,"Fox Creek",1988-10-25,100.46,6.5,19.07,,46.67,0.65,12.36,56.39,52.01,22.33,42.88,131.2
VT03,"Fox Creek",1989-01-27,58.34,6.5,13.82,,29.47,0.76,9.77,40.07,36.62,14.97,28.57,109.5
VT03,"Fox Creek",1989-04-24,72.08,6.6,10.83,,24.19,0.74,9.4,38.52,33.5,15.61,30.01,107.4
VT03,"Fox Creek",1989-07-25,91.77,6.6,13.92,,21.95,0.77,9.14,46.21,39.42,16.71,31.62,126.9
VT03,"Fox Creek",1989-10-27,65.31,6.6,11.86,,25.91,0.93,10.2,36.13,31.6,15.42,28.05,114.2
VT03,"Fox Creek",1990-01-29,51.27,6.4,12.78,,29.84,1.99,9.54,35.78,32.1,15.18,25.92,94.64
VT03,"Fox Creek",1990-04-30,63.49,6.6,12.68,,27.57,1.04,9.37,37.18,33.58,16.48,24.92,98.19
VT03,"Fox Creek",1990-07-30,103.79,6.7,15.36,17,20.25,0.77,8.36,47.21,41.4,18.35,36.79,141.1
VT03,"Fox Creek",1990-10-29,60.97,6.4,12.68,5,26.87,0.82,10.09,34.18,31.36,14.79,24.74,106.3
VT03,"Fox Creek",1991-01-29,61.57,6.5,11.75,0,25.5,6.38,9.4,32.24,30.04,13.29,26.92,108.5
VT03,"Fox Creek",1991-04-29,70.26,6.6,12.4,12.5,24.58,4.37,8.62,35.88,33.99,17.45,28.27,105.2
VT03,"Fox Creek",1991-07-29,98.64,6.3,14.99,15,21.34,0.93,8.59,47.85,42.55,16.98,35.58,134
VT03,"Fox Creek",1991-10-29,111.37,6.6,15.68,10,22.63,0.7,9.25,47.01,40.99,17.98,42.19,145.9
VT03,"Fox Creek",1992-01-28,59.96,6.5,11.8,13,27.79,5.24,10.89,32.69,31.27,13.31,27.61,106.0
VT03,"Fox Creek",1992-04-28,57.43,6.5,11.63,7,28.16,5.98,9.14,32.59,32.1,14.18,23.44,93.33
VT03,"Fox Creek",1992-07-28,80.16,6.5,15.5,16,34.71,2.47,7.99,52.35,46.34,18.19,30.75,116.6
VT03,"Fox Creek",1992-10-27,85.21,6.6,13.31,7,22.54,0.9,9.08,40.22,35.72,15.87,32.53,128.9
VT03,"Fox Creek",1993-01-25,53.29,6.5,11.47,3,28.93,7.23,9.05,33.13,30.86,13.29,23.79,96.7
VT03,"Fox Creek",1993-04-27,57.43,6.6,11.64,7,29.49,5.64,8.97,32.83,33.83,14.37,23.66,95.57
VT03,"Fox Creek",1993-07-29,96.22,6.7,15.74,17,24.41,8.66,9.74,46.46,41.64,18.74,39.93,146.9
VT03,"Fox Creek",1993-10-27,100.06,6.6,15.62,9,29.64,0.73,10.43,47.51,42.88,19.03,40.97,138.7
VT03,"Fox Creek",1994-01-25,53.19,6.5,11.67,3,32.81,5.09,9.66,31.84,32.18,12.81,24.4,96.65
VT03,"Fox Creek",1994-04-29,58.24,5.9,15.04,12,39.13,0.79,7.3,55.84,40.33,22.78,21.26,65.01
VT03,"Fox Creek",1994-07-27,70.16,6.4,14.34,15,32.31,0.8,7.64,46.76,39.92,17.74,27.75,99.24
VT03,"Fox Creek",1994-10-25,82.68,6.6,14.54,8,31.44,1.62,11.99,44.66,40.41,17.61,36.49,126.4
VT03,"Fox Creek",1995-01-30,48.24,6.5,11.24,2,31.5,5.13,8.33,31.54,30.78,13.1,24.53,98.22
VT03,"Fox Creek",1995-04-26,71.57,6.6,13.09,9,28.84,8.81,9.14,39.82,36.71,15.74,32.66,115.1
VT03,"Fox Creek",1995-07-31,99.55,6.4,15.15,17,21.88,4.9,9.86,47.7,43.13,17.56,36.27,138.9
VT03,"Fox Creek",1995-10-30,97.83,6.6,14.98,8,27.64,0.56,10.72,45.96,39.92,17,38.32,136.2
VT03,"Fox Creek",1996-01-29,38.14,6.3,10.28,4,33.75,5.87,9.69,27.4,27.74,12.89,19.92,84.26
VT03,"Fox Creek",1996-04-29,66.52,6.5,11.91,14,27.99,3.74,9.48,34.48,31.69,16.48,28.48,101.9
VT03,"Fox Creek",1996-07-25,107.63,6.5,17.24,15,23.36,3.46,10.06,51.5,46.01,18.3,39.14,140.3
VT03,"Fox Creek",1996-10-29,99.45,6.6,15.23,12,27.56,0.62,11.32,47.7,43.45,18.93,36.92,134.6
VT03,"Fox Creek",1997-01-27,54.91,6.5,11.29,4,31.39,4.5,9.6,32.78,32.1,14.02,25.22,97.16
VT03,"Fox Creek",1997-04-28,57.53,6.5,12.22,9,30.73,1.19,9.57,35.78,34.65,15.47,23.7,92.98
VT03,"Fox Creek",1997-07-28,103.69,6.5,14.81,14,22.37,2.09,9.34,46.56,42.88,18.32,34.75,135.3
VT03,"Fox Creek",1997-10-28,98.74,6.6,16.53,4,34.35,0.6,11.87,51.85,45.35,18.16,41.36,136.3
VT03,"Fox Creek",1998-02-02,59.05,6.5,12.34,3,32.19,5.23,9.48,36.63,32.92,13,25.57,103.4
VT03,"Fox Creek",1998-04-28,59.66,6.3,12.02,10,30.32,0.65,9.17,33.68,31.6,14.63,23.18,94.69
VT03,"Fox Creek",1998-07-27,89.35,6.6,14.98,15,23.23,3.76,9.8,42.47,37.78,16.77,35.71,134.4
VT03,"Fox Creek",1998-10-28,107.93,6.5,16.01,10,27.22,0.65,10.4,47.21,39.59,19.14,41.97,139.5
VT03,"Fox Creek",1999-01-27,48.95,6.3,12.15,6,36.88,3.28,10.15,33.23,31.93,14.13,23.57,91.2
VT03,"Fox Creek",1999-04-28,40.57,6.2,12.63,9,42.36,0.73,10.72,35.73,31.77,15.37,22.22,80.78
VT03,"Fox Creek",1999-07-28,95.41,6.4,16.2,17,31.24,4.41,9.86,51.95,45.92,16.93,35.97,129
VT03,"Fox Creek",1999-10-25,91.87,6.5,14.83,7,28.99,0.76,10.49,44.51,40.33,15.4,38.23,131.8
VT03,"Fox Creek",2000-01-26,65.11,6.5,12.49,0,28.97,5.36,9.83,37.82,34.65,11.65,29.57,115.0
VT03,"Fox Creek",2000-04-26,55.72,6.4,12.45,9,34.35,1.42,10.06,35.18,33,14.63,24.22,93.08
VT03,"Fox Creek",2000-07-27,89.35,6.6,15.14,14,26.29,2.98,8.88,47.26,43.87,15.9,33.18,124.6
VT03,"Fox Creek",2000-10-30,97.03,6.6,14.62,6,24.58,0.63,9.48,44.46,40.08,14.66,39.53,138.1
VT03,"Fox Creek",2001-01-29,60.87,6.4,13.03,2,32.96,5.07,9.6,37.53,33.74,13.21,29.05,107.5
VT03,"Fox Creek",2001-04-24,70.97,6.5,13.31,11,28.5,5.24,9.17,36.88,36.13,16,30.14,109.1
VT03,"Fox Creek",2001-11-01,86.02,6.3,18.19,8,27,0.68,34.57,46.96,37.86,18.08,60.94,138.2
VT03,"Fox Creek",2002-01-29,48.95,6.5,12.19,7,35.59,4.41,9.31,33.83,34.07,15.32,24,95.02
VT03,"Fox Creek",2002-04-29,69.76,6.7,13.19,12,30.09,0.85,10.38,36.23,34.15,16.03,28.61,107.7
VT03,"Fox Creek",2002-07-29,91.07,6.6,17.13,15,28.69,1.02,8.59,53.79,47.82,19.27,40.79,141.7
VT03,"Fox Creek",2002-10-31,80.97,6.4,29.38,9,47.37,0.7,111.7,55.09,42.14,17.35,160.5,123.2
VT03,"Fox Creek",2003-01-28,60.87,6.5,11.58,0,28.14,5.95,9.66,34.53,31.52,11.84,30.27,114.7
VT03,"Fox Creek",2003-05-01,65.92,6.4,12.69,12,32.42,0.67,9.89,37.23,35.88,16.74,27.48,100.7
VT03,"Fox Creek",2003-07-31,84.3,6.5,15.2,15,27.02,0.67,9.83,45.11,41.4,16.69,31.22,118.6
VT03,"Fox Creek",2003-10-29,79.25,6.6,14.5,10,31.18,0.7,11.12,43.31,39.5,17.37,34.92,124.4
VT03,"Fox Creek",2004-01-27,55.82,6.5,12,3,29.83,3.56,10.23,32.64,31.44,13,28.01,106.1
VT03,"Fox Creek",2004-04-28,60.87,6.4,12.2,7,32.34,0.67,9.69,34.18,32.84,15.05,24.48,93.34
VT03,"Fox Creek",2004-08-03,98.74,6.4,14.8,15,23.77,0.7,10.17,44.86,41.89,17.16,36.53,135.6
VT03,"Fox Creek",2004-10-27,76.02,6.4,14.3,11,32.31,0.67,11.15,42.52,38.85,19.93,31.53,116.8
VT03,"Fox Creek",2005-01-25,51.47,6.5,11.8,2,30.41,0.71,10,32.98,32.67,12.89,25.96,104.4
VT03,"Fox Creek",2005-04-26,54.91,6.6,11.9,7,32.48,0.73,9.31,34.28,33.58,14.84,26,95.3
VT03,"Fox Creek",2005-08-01,91.07,6.5,16.2,17,25.12,0.68,9.74,49.7,43.7,18.69,39.97,140.6
VT03,"Fox Creek",2005-10-26,97.9,6.6,16.6,9,38.74,0,12.54,54.57,47.18,20,44.62,133.6
VT03,"Fox Creek",2006-01-30,55.78,6.5,11.7,6,34.37,0,10.36,34.21,33.08,14.02,26.48,102.0
VT03,"Fox Creek",2006-05-01,53.26,6.5,11.2,8,31.34,0,9.94,32.8,32.95,14.51,22.92,91.78
VT03,"Fox Creek",2006-07-31,118.84,6.2,37.9,,36.47,0,180.7,57.6,42.48,19.12,229.0,149.5
VT03,"Fox Creek",2006-10-30,75.09,6.5,32.3,9,42.08,15.12,135.2,42.22,33.88,16.38,189.3,120.6
VT03,"Fox Creek",2007-01-30,53.59,6.6,12.1,2,28.32,2.23,9.83,31.47,32.03,12.62,28.22,106.4
VT03,"Fox Creek",2007-04-30,62.71,6.7,12.8,13,30.17,0,10.06,33.47,33.23,17.01,29.59,106.9
VT03,"Fox Creek",2007-07-30,84.96,6.6,45.6,,38.82,6.79,297.3,66.28,49.07,19,316.9,133.1
VT03,"Fox Creek",2007-10-29,95.45,6.7,15,6,34.7,0,13.23,49.2,47.14,19.42,41.99,131.2
VT03,"Fox Creek",2008-01-28,61.42,6.6,11.5,2,32.29,3.83,10.24,33.8,33.64,12.34,31.51,114.3
VT03,"Fox Creek",2008-04-30,60.39,6.6,12.6,8,34.05,3.96,9.99,34.44,35.75,14.73,29.41,102.1
VT03,"Fox Creek",2008-07-30,108.9,6.6,17.2,17,27.84,6.84,9.36,54.86,46.73,19.1,43.92,138.9
VT03,"Fox Creek",2008-10-29,92.81,6.7,15.5,4,31.01,0,11.08,48.22,42.8,16.97,41.15,132.3
VT03,"Fox Creek",2009-01-26,49.64,6.4,36.9,4,35.98,8.88,204.3,54.73,44.41,15.75,193.8,107.8
VT03,"Fox Creek",2009-04-27,69.7,6.5,13.2,13,23.31,0,10.21,33.12,30.82,17.21,30.32,104.3
VT03,"Fox Creek",2009-07-29,87.48,6.6,15.1,15,27.59,0,10.18,47.92,41.59,17.15,34.75,120.4
VT03,"Fox Creek",2009-10-26,84.04,6.7,14.1,8,31.17,0,10.99,39.51,36.56,16.9,33.12,115.6
VT03,"Fox Creek",2010-01-27,40.65,6.4,11,4,35.75,0,10.12,24.9,27.64,14.05,22.19,84.57
VT03,"Fox Creek",2010-04-28,60.43,6.4,12.8,7,34.08,2.09,9.46,33.83,32.3,15.95,28.75,96.07
VT03,"Fox Creek",2010-07-28,99.64,6.4,15.9,17,20.16,0.29,10.77,46.61,43.61,19.34,39.91,136.5
VT03,"Fox Creek",2010-10-26,108.89,6.7,16.8,11,28.67,0,11.7,48.29,43.22,22.5,43.03,135.8
VT03,"Fox Creek",2011-01-31,49.85,6.3,132.1,3,15.9,0.26,992.8,114.8,81.71,24.36,904.4,118.9
VT03,"Fox Creek",2011-04-25,29.11,6.3,14.5,11,47.32,20.17,11.62,41.84,20.28,12,43.22,115.6
VT03,"Fox Creek",2011-07-27,100.4,6.8,23.9,17,23.23,0,69.45,53.03,43.83,20.66,97.24,141.4
VT03,"Fox Creek",2011-10-25,96.04,6.6,15.3,9,29.31,0,11.22,44.95,38.79,17.76,42.17,133.2
VT03,"Fox Creek",2012-01-26,46.34,6.3,12,6,30.99,0.26,10.28,30.22,30.51,15.63,24.39,93.65
VT03,"Fox Creek",2012-04-25,67.32,6.4,71,8,34.11,0.28,454.2,68.15,48.89,21.84,467.1,111.4
VT03,"Fox Creek",2012-07-31,76.68,6.4,15.1,16,26.31,0,8.58,58.01,46.87,19.99,29.02,95.05
VT03,"Fox Creek",2012-10-25,198.25,7.1,57.3,9,50.2,0.58,266.7,108.69,86.26,16.21,302.4,102.4
VT03,"Fox Creek",2013-02-07,49.35,6.5,11.3,4,32.28,4.33,9.78,30.57,31.2,14.39,25.09,96.57
VT03,"Fox Creek",2013-04-30,64.86,6.6,12.4,9,30.71,2.65,9.77,34.27,33.44,16.36,27.81,97.7
VT03,"Fox Creek",2013-07-30,54.52,6.6,12.4,13,31.63,1.35,10.71,34.59,33.52,15.28,25.3,101.0
VT03,"Fox Creek",2013-10-29,116.17,6.6,60,10,31.29,0,352.6,83.92,70.82,26.3,336.0,150.2
VT03,"Fox Creek",2014-01-28,31.04,6.4,15,0,45.23,31.07,10.29,45.38,22.13,9.89,44.48,119.4
VT03,"Fox Creek",2014-05-05,68.07,6.7,13,11,30.21,1.23,9.74,38.05,34.56,17.66,30.29,105.3
VT03,"Fox Creek",2014-07-29,98.42,6.8,15.8,14,24.46,5.84,9.68,51.52,43.15,17.96,41.39,140.6
VT03,"Fox Creek",2014-10-27,70.98,6.7,13.2,8,30.06,1.39,10.54,41.82,37.23,16.56,30.16,117.7
VT03,"Fox Creek",2015-01-29,62.02,6.6,12.5,1,30.61,6.17,9.8,35.75,32.78,13.4,31.14,111.5
VT03,"Fox Creek",2015-04-28,56.16,6.6,12,11,32.15,2.62,9.05,33.13,32.58,15.74,24.93,96.67
VT03,"Fox Creek",2015-07-28,77.42,6.4,13.6,18,25.83,2.25,9.76,41.49,39.11,17.2,30.42,118.5
VT03,"Fox Creek",2015-11-02,69.66,6.5,13.1,12,28.63,1.2,9.99,34.96,34.33,17.7,28.68,109.3
VT03,"Fox Creek",2016-02-02,50.51,6.5,11.8,4.5,33.18,1.27,9.33,31.05,31.7,15.79,25.69,89.27
VT03,"Fox Creek",2016-04-27,73.66,6.7,13,12,29.47,3.7,9.84,36.58,35.25,18.02,32.61,109.4
VT03,"Fox Creek",2016-07-25,85.12,6.8,14,17,24.11,3.58,10.15,39.62,38.58,17.96,34.16,127.7
VT03,"Fox Creek",2016-10-31,107.02,6.7,15.7,12,25.35,0,10.56,42.22,38.83,20.81,42.84,139.7
VT03,"Fox Creek",2017-01-31,46.42,6.4,11.2,1,33.09,2.7,9.02,27.59,28.9,14.29,23.73,93.83
VT03,"Fox Creek",2017-05-02,48.94,6.5,19.3,11,40.95,0,53.5,39.18,24.9,15.32,82.83,113.8
VT03,"Fox Creek",2017-07-26,87.56,6.3,15.2,13,22.91,0.08,9.3,40.81,37.6,18.26,38.41,133.0
VT03,"Fox Creek",2017-10-25,51.07,6.4,12.2,9,33.79,1.41,10.29,29.82,30.01,16.97,25.53,99.71
VT03,"Fox Creek",2018-01-29,58.44,6.5,12.1,5,28.31,4.47,9.17,32.22,31.5,14.71,30.96,105.0
VT03,"Fox Creek",2018-04-23,53.17,6.6,11.4,9,31.35,0,9.45,26.29,27.69,15.12,24.34,94.59
VT03,"Fox Creek",2018-07-30,100.81,6.7,15.8,16,22.75,0.99,9.64,49.59,44.24,17.88,38.75,134.7
VT03,"Fox Creek",2018-10-29,57.46,6.6,11.9,10,32.49,1.49,10.69,31.64,30.66,16.9,26.48,102.6
VT03,"Fox Creek",2019-02-04,56.85,6.6,11,3,29,0,8.57,29.58,30.51,14.48,26.83,102.4
VT03,"Fox Creek",2019-04-22,48.77,6.6,10.8,8,31.46,0,8.28,29.6,30.78,15.19,21.39,85.48
VT03,"Fox Creek",2019-07-29,79.1,6.7,13.2,15,26.84,0.95,9.18,40.68,38.92,16.9,30.24,117.4
VT03,"Fox Creek",2019-10-29,99.93,6.7,16.2,11,26.52,0,10.68,48.07,43.59,20.52,39.66,128.7
VT03,"Fox Creek",2020-01-28,55.7,6.6,11.6,4,31.55,0,9.12,31.31,30.64,14.3,26.87,100.8
VT03,"Fox Creek",2020-04-27,57.77,6.2,39.6,10,38.04,2.47,204.7,45.62,33.55,17.32,238.1,106.7
VT03,"Fox Creek",2020-07-27,84.51,6.3,14.5,17,23.33,0,8.67,44.59,41.64,17.54,34.14,128.1
VT03,"Fox Creek",2020-10-26,84.08,6.7,14.3,12,27.3,0,10.45,40.71,39.71,19.7,31.85,119.6
VT03,"Fox Creek",2021-02-06,45.46,6.4,70.1,2.5,35.59,18.16,442.1,86.52,63.77,19.56,394.6,116.4
VT03,"Fox Creek",2021-05-03,64.07,6.5,12.6,10,23.35,0,8.74,32.08,31.89,16.65,27.92,102.2
VT03,"Fox Creek",2021-07-26,92.83,6.7,15.2,16,23.52,0,10.37,46.54,43,17.2,35.96,136.9
VT03,"Fox Creek",2021-10-25,95.19,6.7,15.2,10,25.43,0,10.09,45.28,41.36,17.64,37.48,133.0
VT04,"Little Wilson Creek",1987-10-27,67.13,6.4,15.77,,49.2,0.65,13.22,33.33,21.32,17.32,61.59,158.8
VT04,"Little Wilson Creek",1988-01-25,33.6,6.3,11.96,,47.57,11.01,11.5,27.65,17.86,9.33,48.02,118.6
VT04,"Little Wilson Creek",1988-04-28,36.43,6.4,13.4,,48.51,3.6,10.92,26.95,17.04,11.23,53.67,125.6
VT04,"Little Wilson Creek",1988-07-27,60.06,6.4,15.47,,49.35,17.59,11.41,34.43,21.23,15.92,70.33,179
VT04,"Little Wilson Creek",1988-10-25,49.25,6.5,18.04,,73.56,0.65,29.39,38.87,26.34,18.14,68.55,158.0
VT04,"Little Wilson Creek",1989-01-27,30.57,6.2,13.4,,50.97,4.3,11.47,29.79,17.86,9.65,51.19,133.9
VT04,"Little Wilson Creek",1989-04-24,39.86,6.4,12.89,,47.4,0.73,10.55,26.8,15.72,10.33,54.8,134.3
VT04,"Little Wilson Creek",1989-07-25,52.38,6.5,12.99,,41.05,0.77,10.69,31.84,17.86,10.52,53.76,156.1
VT04,"Little Wilson Creek",1989-10-27,41.98,6.5,12.17,,43.67,0.93,12.94,28.14,16.71,10.39,53.32,144.6
VT04,"Little Wilson Creek",1990-01-29,24.51,5.9,13.61,,50.45,0.84,10.29,36.93,21.15,12.02,43.97,98.51
VT04,"Little Wilson Creek",1990-04-30,40.57,6.4,11.65,,42.45,2.43,10.09,29.99,17.45,12.26,51.58,127.8
VT04,"Little Wilson Creek",1990-07-30,49.96,6.5,14.33,14,41.29,8.64,9.31,32.39,19.51,12.73,60.15,164.9
VT04,"Little Wilson Creek",1990-10-29,38.04,6.0,13.4,7,45.98,4.37,12.13,27.3,16.63,10.49,49.58,136.0
VT04,"Little Wilson Creek",1991-01-29,32.28,6.2,12.68,4,44.12,13.18,12.79,25.85,16.21,8.96,50.23,130.4
VT04,"Little Wilson Creek",1991-04-29,41.37,6.5,12.6,,43.09,6.96,9.23,26.85,16.95,12.5,53.58,128.3
VT04,"Little Wilson Creek",1991-07-29,55.72,6.5,13.64,16,39.64,0.93,9.25,31.29,18.6,11.23,60.33,159.8
VT04,"Little Wilson Creek",1991-10-29,71.67,6.4,14.2,12,35.42,0.7,11.58,25.75,17.04,14.53,68.98,176.2
VT04,"Little Wilson Creek",1992-01-28,34.71,6.3,13.09,15,48.08,12.3,10.81,26.95,17.53,9.67,52.98,131.7
VT04,"Little Wilson Creek",1992-04-28,30.57,6.3,12.34,8,45.9,10.4,9.57,27.05,16.87,11.2,46.19,117.4
VT04,"Little Wilson Creek",1992-07-28,46.42,6.4,13.4,17,46.84,2.72,8.51,31.84,19.01,12.6,53.45,150.5
VT04,"Little Wilson Creek",1992-10-27,55.82,6.5,13.31,8,41.38,0.9,10.81,29.09,18.27,12.42,56.46,153.7
VT04,"Little Wilson Creek",1993-01-25,29.66,6.2,12.1,2,45.6,12.61,9.43,25.65,16.05,9.28,46.54,119.5
VT04,"Little Wilson Creek",1993-04-27,34.71,6.3,12.35,9,45.58,10.2,9.51,26.1,17.94,11.07,47.19,121.5
VT04,"Little Wilson Creek",1993-07-29,62.48,6.2,16.78,19,44.33,24.89,10.84,35.98,22.72,15.79,70.64,176.2
VT04,"Little Wilson Creek",1993-10-27,65.11,6.4,14.99,9,49.65,0.74,12.04,28.14,19.26,15.69,70.24,174.9
VT04,"Little Wilson Creek",1994-01-25,26.02,6.2,12.19,4,51.49,9.18,10.2,25.85,16.95,8.36,45.58,118.4
VT04,"Little Wilson Creek",1994-04-29,35.62,6.3,11.82,12,48.4,1.92,8.94,24.4,14.98,11.02,48.89,127.8
VT04,"Little Wilson Creek",1994-07-27,53.29,6.5,13.82,16,41.46,8.69,8.56,28.34,17.7,13.26,61.28,162.5
VT04,"Little Wilson Creek",1994-10-25,50.77,6.4,13.74,8,45.9,0.76,18.11,29.44,19.67,12.65,61.89,159.9
VT04,"Little Wilson Creek",1995-01-30,27.13,6.1,11.85,1,47.07,10.03,9.6,26,16.71,8.94,45.88,121
VT04,"Little Wilson Creek",1995-04-26,38.14,6.4,12.53,6,46.9,7.56,10.63,27.15,17.37,10.41,55.41,138.3
VT04,"Little Wilson Creek",1995-07-31,58.34,6.5,15.29,17,39.17,10.57,10.75,30.69,19.67,12.55,63.46,169.5
VT04,"Little Wilson Creek",1995-10-30,47.33,6.3,12.62,8,45.19,1.42,13.48,26.8,17.2,10.1,55.67,153.7
VT04,"Little Wilson Creek",1996-01-29,22.08,6.0,11.72,1,47.07,11.96,11.01,24.35,16.63,9.2,42.14,108.3
VT04,"Little Wilson Creek",1996-04-29,35.62,6.4,12.1,11,46.37,6.93,10.49,24.55,15.72,10.97,52.37,129.3
VT04,"Little Wilson Creek",1996-07-25,62.18,6.4,15.21,16,39.02,12.88,10.92,31.59,19.83,12.31,64.81,170.1
VT04,"Little Wilson Creek",1996-10-29,58.34,6.5,13.12,12,40.95,0.65,14.78,27.2,18.44,11.57,60.59,160.2
VT04,"Little Wilson Creek",1997-01-27,29.66,6.2,12.11,2,48.02,10.94,10.32,25.75,17.04,8.51,51.63,126.5
VT04,"Little Wilson Creek",1997-04-28,31.27,6.2,12.22,8,46.39,8.3,9.92,26.9,17.37,10.62,49.02,120.5
VT04,"Little Wilson Creek",1997-07-28,58.24,6.4,13.25,18,38.31,8.72,10.52,28.34,18.93,12.68,60.59,165.8
VT04,"Little Wilson Creek",1997-10-28,51.47,6.4,16.01,7,56.14,0.6,19.29,30.79,20.49,15.16,68.29,164.7
VT04,"Little Wilson Creek",1998-02-02,28.75,6.2,12.56,2,49.65,9.61,10.61,27.15,17.45,8.72,45.97,124.4
VT04,"Little Wilson Creek",1998-04-28,34.71,6.2,12.12,6,46.65,4.34,9.37,25.25,16.13,10.33,44.36,116.0
VT04,"Little Wilson Creek",1998-07-27,49.96,6.3,14.75,16,39.55,13.62,10.92,30.04,19.26,12.42,60.67,163.6
VT04,"Little Wilson Creek",1998-10-28,65.82,6.2,14.86,11,44.63,0.65,13.42,28.64,19.42,14.02,62.89,164.3
VT04,"Little Wilson Creek",1999-01-27,25.52,6.0,13.43,5,57.68,5.97,13.45,28.24,18.52,9.49,48.41,117.3
VT04,"Little Wilson Creek",1999-04-28,27.94,6.1,13.65,8,59.93,1.95,11.12,30.39,18.76,10.15,50.1,121.8
VT04,"Little Wilson Creek",1999-07-28,56.63,6.4,14.68,18,49.02,5.21,10.03,28.84,19.18,11.52,65.63,169.2
VT04,"Little Wilson Creek",1999-10-25,48.75,6.4,14.13,6,50.57,0.74,14.29,27.25,19.18,11.02,63.2,158.0
VT04,"Little Wilson Creek",2000-01-26,30.47,6.2,13.12,0,50.42,5.84,12.1,26.45,16.95,6.96,52.8,136.3
VT04,"Little Wilson Creek",2000-04-26,25.42,6.1,11.95,7,52.32,2.07,10.75,25.8,16.71,9.36,47.62,116.3
VT04,"Little Wilson Creek",2000-07-27,55.82,6.5,13.86,15,42.08,3.77,9.23,29.04,19.26,9.3,62.24,164.3
VT04,"Little Wilson Creek",2000-10-30,65.92,6.5,13.76,7,39.15,0.63,11.93,26.9,18.02,10.89,65.59,172.3
VT04,"Little Wilson Creek",2001-01-29,39.76,6.3,13.24,2,50.37,7.57,11.96,26.35,17.2,7.7,55.98,135.9
VT04,"Little Wilson Creek",2001-04-24,41.37,6.5,12.88,10,46.35,5.44,10,22.8,16.79,9.78,54.37,137
VT04,"Little Wilson Creek",2001-07-31,36.32,6.2,12.41,14,49.99,2.37,10.2,29.59,18.19,8.41,50.28,132.4
VT04,"Little Wilson Creek",2001-11-01,59.05,6.6,13.54,8,39.49,0.68,14.17,25.25,17.12,12.05,62.85,166.9
VT04,"Little Wilson Creek",2002-01-29,26.22,6.0,12.86,7,52.26,8.3,11.53,26.15,19.09,10.41,48.97,125.9
VT04,"Little Wilson Creek",2002-04-29,41.37,6.4,13.09,10,48.87,1.83,11.73,25.05,16.95,10.94,55.89,138.7
VT04,"Little Wilson Creek",2002-07-29,71.67,6.4,16.59,17,40.82,14.59,11.09,32.59,20.99,13.95,74.29,182.2
VT04,"Little Wilson Creek",2002-10-31,38.95,6.3,12.51,7,56.59,0.67,14.95,28.44,18.68,10.04,59.28,144.1
VT04,"Little Wilson Creek",2003-01-28,32.28,6.3,12.01,0,47.68,9.17,11.3,24.5,15.47,7.56,53.24,132.7
VT04,"Little Wilson Creek",2003-05-01,37.23,6.3,11.64,10,48.36,2.4,10.38,23.6,15.72,10.33,51.54,128.1
VT04,"Little Wilson Creek",2003-07-31,38.04,6.2,12.1,16,41.16,0.67,9.05,27.74,17.37,9.22,51.1,138.0
VT04,"Little Wilson Creek",2003-10-29,45.72,6.4,14.2,9,46,0.7,17.48,37.82,19.09,12.2,53.84,139.1
VT04,"Little Wilson Creek",2004-01-27,28.85,6.2,12.6,2,45.58,9.23,10.69,23.35,15.88,8.59,52.24,129.2
VT04,"Little Wilson Creek",2004-04-28,37.23,6.3,12.4,9,49.35,0.67,10.49,23.4,15.72,10.83,52.8,131.0
VT04,"Little Wilson Creek",2004-08-03,59.96,6.4,13.1,16,35.08,3.34,10.66,26.85,17.37,10.91,62.85,168.8
VT04,"Little Wilson Creek",2004-10-27,45.72,6.4,12.7,11,44.59,0.67,13.11,26.5,17.61,11.33,54.98,148.4
VT04,"Little Wilson Creek",2005-01-25,28.75,6.2,12.1,2,47.65,9.66,11.41,23.45,16.21,8.36,52.63,131.6
VT04,"Little Wilson Creek",2005-04-26,32.18,6.3,11.9,6,46.41,4.02,9.43,23.9,16.46,10.15,50.02,121.1
VT04,"Little Wilson Creek",2005-08-01,44.91,6.5,12.6,17,40.61,0.68,9.37,27.15,17.86,11.02,57.54,153.0
VT04,"Little Wilson Creek",2005-10-26,54.6,6.5,14.2,7,48.31,0,14.87,26.25,18.25,14.46,68.84,164.5
VT04,"Little Wilson Creek",2006-01-30,30.53,6.3,12.2,5,49.5,0,11.43,24.1,16.48,9.47,53.25,130.4
VT04,"Little Wilson Creek",2006-05-01,35.58,6.4,12.1,8,44.84,0,10.37,24.47,16.28,10.88,52.83,128.7
VT04,"Little Wilson Creek",2006-07-31,55.72,6.5,14.9,17,32.11,0,15.06,42.66,20.6,12.55,60.03,152.9
VT04,"Little Wilson Creek",2006-10-30,32.34,6.2,12.5,9,50.48,2.18,12.63,23.41,16.99,10.16,54.51,134.8
VT04,"Little Wilson Creek",2007-01-30,27.63,6.3,12.3,2,46.89,2.42,10.6,20.85,15.41,8.27,53.44,130.1
VT04,"Little Wilson Creek",2007-04-30,33.93,6.4,12.4,10,47.61,0.95,10.41,21.69,15.26,10.88,55.56,134.9
VT04,"Little Wilson Creek",2007-10-29,39.2,6.4,13,6,55.05,0,18.37,27.25,19.9,12.44,64.91,152.3
VT04,"Little Wilson Creek",2008-01-28,28.7,6.3,11.2,3,50.59,4.48,11.85,20.11,14.57,7.95,56.01,135.5
VT04,"Little Wilson Creek",2008-04-30,29.58,6.3,11.6,7,50.79,2.42,10.61,20.6,15.36,9.6,54.17,131.3
VT04,"Little Wilson Creek",2008-07-30,59.61,6.4,15,16,42.4,12.12,10.24,28.28,18.19,13.78,73.75,169.0
VT04,"Little Wilson Creek",2008-10-29,44.31,6.4,13.3,,46.12,0,15.56,24.54,18.26,11.23,60.88,149.8
VT04,"Little Wilson Creek",2009-01-26,26.3,6.2,11.6,2,48.33,3.93,11.12,21.66,14.74,7.74,51.07,123.6
VT04,"Little Wilson Creek",2009-04-28,37.27,6.4,12.1,10,47.82,0,10.48,19.34,12.56,9.68,56.71,130.6
VT04,"Little Wilson Creek",2009-07-29,45.4,6.4,13.2,17,36.82,0,10.54,35.28,16.46,10.13,50.83,133.7
VT04,"Little Wilson Creek",2009-10-26,44.57,6.3,12.6,7,45.26,0,13.65,21.96,15.28,9.35,59.07,142.4
VT04,"Little Wilson Creek",2010-01-27,17.84,6.0,11,3,47.93,1.01,9.59,17.48,13.15,8.78,44.53,106.4
VT04,"Little Wilson Creek",2010-04-28,32.17,6.2,12.6,5,43.92,5.9,11.12,31.47,15.49,10.38,47.24,114.3
VT04,"Little Wilson Creek",2010-07-28,57.96,6.4,14.5,18,36.73,6.37,11.62,27.48,17.83,13.77,70.75,172.2
VT04,"Little Wilson Creek",2010-10-26,71.26,6.5,14.4,11,37.65,0,13.59,22.7,17.16,17.72,71.28,170.5
VT04,"Little Wilson Creek",2011-04-25,34,6.4,12.4,11,46.9,0.81,13.73,27.57,14.85,10.96,49.86,119.8
VT04,"Little Wilson Creek",2011-07-27,59.61,6.6,14.2,17,35.37,5.78,10.52,24.26,17.33,13.23,71.22,174.5
VT04,"Little Wilson Creek",2011-10-25,43.02,6.4,12.2,8,44.23,0,12.93,20.2,15.23,9.67,59.25,148.6
VT04,"Little Wilson Creek",2012-01-25,22.96,6.0,11.1,7,47.61,0,9.69,18.35,13.06,9.54,48.21,118.2
VT04,"Little Wilson Creek",2012-04-25,34.14,6.3,12.6,7,42.52,1.75,10.02,32.23,16.52,10.76,47.75,112.8
VT04,"Little Wilson Creek",2012-07-31,49.48,6.6,12.4,17,38.43,2.1,10.04,24.03,16.27,10.26,59.18,158.1
VT04,"Little Wilson Creek",2012-10-25,54.16,6.6,13.2,10,42.27,1.31,14.01,28.89,16.18,11.55,57.16,146.4
VT04,"Little Wilson Creek",2013-04-30,36.93,6.4,11.3,10,44.34,1.4,9.11,19.69,13.97,10.8,52.63,124.1
VT04,"Little Wilson Creek",2013-07-30,43.88,6.6,11.6,10,36.06,2.53,9.7,22.71,15.66,9.75,53.25,142.6
VT04,"Little Wilson Creek",2013-10-29,59.96,6.6,13.5,9,36.07,0.61,14.51,33.58,17.77,13.35,56.25,148.5
VT04,"Little Wilson Creek",2014-01-30,32.38,6.4,13.1,0,46.07,12.12,12.15,31.5,16.26,9.44,51.62,128.7
VT04,"Little Wilson Creek",2014-05-05,39.72,6.5,11.6,8,44.32,2.05,9.16,21.51,14.6,11.35,55.39,130.6
VT04,"Little Wilson Creek",2014-07-29,55.49,6.6,14.5,12,40.25,9.55,11.99,42.44,19.69,12.14,57.53,148.7
VT04,"Little Wilson Creek",2014-10-27,43.76,6.5,12.8,10,43.16,2.84,13.84,33.04,16.62,11.98,52.79,142.2
VT04,"Little Wilson Creek",2015-01-29,40.81,6.5,13.2,4,45.1,11.56,12.22,34.83,17.72,9.18,53.43,132.9
VT04,"Little Wilson Creek",2015-04-28,34.05,6.3,10.9,7,42.08,1.48,8.21,20.33,14.53,10.76,48.75,122.7
VT04,"Little Wilson Creek",2015-07-28,65.77,6.3,13.6,17,31.47,5.31,9.39,26.01,18.02,12.78,66.58,169.4
VT04,"Little Wilson Creek",2015-11-02,41.04,6.3,12.6,11,42.68,2.41,13.27,27.13,15.37,12.15,50.18,129.3
VT04,"Little Wilson Creek",2016-02-02,28.77,6.2,11.4,5,40.85,6.73,9.55,26.28,14.11,10.09,43.4,108.1
VT04,"Little Wilson Creek",2016-04-27,42.25,6.4,12.5,12,42.64,7.02,10.95,25.74,14.74,12.3,54.34,130.2
VT04,"Little Wilson Creek",2016-07-25,67.04,6.4,14.8,17.5,34.67,14.28,9.94,23.63,17.3,14.43,69.07,168.9
VT04,"Little Wilson Creek",2016-10-31,79.87,6.5,14.3,12,34.59,0,12.09,20.09,15.83,17.2,74.34,176.3
VT04,"Little Wilson Creek",2017-01-31,27.37,6.1,11.1,4,44.05,0.3,9.11,16.62,12.41,10.02,49.81,123.0
VT04,"Little Wilson Creek",2017-05-02,39.91,6.4,12.3,12,41.43,0.07,10.48,27.24,14.7,11.79,48.1,120.7
VT04,"Little Wilson Creek",2017-07-26,51.11,6.3,13.3,14,33.96,0.79,9.59,29.32,15.58,12.18,55.24,144.7
VT04,"Little Wilson Creek",2017-10-25,29.37,6.2,12,9,42.58,2.72,11.61,23.19,13.67,11.94,46.17,125.1
VT04,"Little Wilson Creek",2018-01-29,27.92,6.2,10.9,5,39.49,4.21,8.85,15.1,11.28,8.71,52.54,130.7
VT04,"Little Wilson Creek",2018-04-23,33.83,6.3,11.4,9,43.6,0.82,9.46,14.43,11.47,10.43,53.12,121.5
VT04,"Little Wilson Creek",2018-07-30,50.46,6.5,13,18,37.2,8.18,9.25,32.89,16.5,12.32,54.77,150.9
VT04,"Little Wilson Creek",2018-10-29,40.68,6.4,11.2,9,37.3,0,11.88,19.3,14.55,12.21,51.79,133.6
VT04,"Little Wilson Creek",2019-02-04,30.94,6.3,11.2,4,41.2,9.3,9.49,24.71,14.15,10.15,46.61,118.6
VT04,"Little Wilson Creek",2019-04-22,29.08,6.2,11,8,41.46,2.97,9.87,26.12,14.73,11.16,42.03,106.1
VT04,"Little Wilson Creek",2019-07-29,43.57,6.4,11.5,15,35.42,5.04,9,29.85,15.25,10.58,48.64,137.4
VT04,"Little Wilson Creek",2019-10-29,50.43,6.5,13.5,12,39.39,0,15.38,23.43,17.24,14.33,61.34,154.8
VT04,"Little Wilson Creek",2020-01-28,29.21,6.3,10.6,4,42.39,0.41,9.31,18.17,13.39,9.26,49.29,122.7
VT04,"Little Wilson Creek",2020-04-27,30.01,6.2,11.3,,35.62,0,10.29,27.7,14.46,10.46,41.82,107.2
VT04,"Little Wilson Creek",2020-07-27,49.27,6.4,11.5,16,32.22,0,7.13,23.32,16.42,11.95,53.68,142.8
VT04,"Little Wilson Creek",2020-10-26,48.44,6.4,12.5,13,36.31,0.67,14.06,33.19,17.72,13.18,50.66,134.8
VT04,"Little Wilson Creek",2021-02-05,27.85,6.3,10.7,3.5,38.92,6.5,8.08,17.14,12.87,9.13,48.56,125.1
VT04,"Little Wilson Creek",2021-05-03,38.6,6.4,11.4,10,38.38,1.27,8.43,18.48,13.53,11.22,51.97,131.2
VT04,"Little Wilson Creek",2021-07-26,60.05,6.6,14.7,17.5,32.25,14.56,12.14,23.77,17,15.42,70.5,175.9
VT04,"Little Wilson Creek",2021-10-25,54.03,6.6,12.4,13,34.18,0,10.63,21.1,16.18,12.16,59.08,158.6
VT67,"East Fork of Chestnut Creek (lower)",1988-10-27,60.77,6.5,10.83,,9.28,0.65,19.7,25.3,24.2,11.94,39.66,103.7
VT67,"East Fork of Chestnut Creek (lower)",1989-01-25,40.67,6.4,9.49,,14.96,0.73,18.75,20.11,20,5.16,35.71,92.74
VT67,"East Fork of Chestnut Creek (lower)",1989-04-24,42.28,6.3,9.28,,13.23,0.73,19,21.71,20.66,4.8,36.23,87.86
VT67,"East Fork of Chestnut Creek (lower)",1989-07-28,36.22,6.3,8.45,,14.44,0.79,18.03,18.51,18.68,4.06,31.79,88.63
VT67,"East Fork of Chestnut Creek (lower)",1989-10-26,36.93,6.3,7.84,,14.21,0.84,18.46,15.82,18.6,4.82,30.88,87.9
VT67,"East Fork of Chestnut Creek (lower)",1990-01-29,41.78,6.1,9.07,,17.53,0.74,20.27,19.96,21.48,5.56,32.05,82.67
VT67,"East Fork of Chestnut Creek (lower)",1990-04-24,47.94,6.4,8.45,,10.92,0.84,17.65,18.86,20.16,5.03,31.31,77.91
VT67,"East Fork of Chestnut Creek (lower)",1990-07-30,57.33,6.6,8.97,14,5.88,0.88,17.57,22.66,21.73,4.51,34.23,96.96
VT67,"East Fork of Chestnut Creek (lower)",1990-10-25,24.71,6.0,9.59,11,24.24,0.93,18.8,15.67,20.66,5.4,28.48,82.62
VT67,"East Fork of Chestnut Creek (lower)",1991-01-28,40.57,6.3,8.35,8,14.47,0.97,18.31,18.16,18.85,6.46,33.23,85.92
VT67,"East Fork of Chestnut Creek (lower)",1991-04-24,37.23,6.4,9.07,9,17.12,0.65,17.42,17.62,21.73,4.74,29.62,76.53
VT67,"East Fork of Chestnut Creek (lower)",1991-07-30,51.47,6.4,9.41,15,10.68,0.88,16.85,22.46,22.72,4.64,33.49,93.84
VT67,"East Fork of Chestnut Creek (lower)",1991-10-29,60.87,6.5,9.66,10,6.13,0.63,18.06,20.06,20.58,8.41,37.36,104.4
VT67,"East Fork of Chestnut Creek (lower)",1992-01-28,40.67,6.4,9.02,8,15.3,0.68,18.8,18.16,19.09,5.19,33.92,88.41
VT67,"East Fork of Chestnut Creek (lower)",1992-04-28,28.75,6.2,7.96,8,18.35,0.88,19.49,13.22,17.04,5.01,29.14,78.98
VT67,"East Fork of Chestnut Creek (lower)",1992-07-29,40.67,6.3,8.45,15.6,6.13,0.84,18.6,19.91,19.18,3.9,33.1,94.09
VT67,"East Fork of Chestnut Creek (lower)",1992-10-28,56.52,6.4,11.29,10,14.49,0.8,19.95,25.45,25.18,14.16,35.71,97.49
VT67,"East Fork of Chestnut Creek (lower)",1993-01-27,36.12,6.3,8.49,3.3,16.1,1.18,19.26,14.42,19.75,4.32,30.22,82.34
VT67,"East Fork of Chestnut Creek (lower)",1993-04-27,36.32,6.4,8.48,11.7,14.9,0.84,18.8,18.71,20.08,4.8,29.22,77.36
VT67,"East Fork of Chestnut Creek (lower)",1993-07-28,46.22,6.3,8.67,17.8,5.96,0.76,19.35,21.41,20.74,4,34.75,98.89
VT67,"East Fork of Chestnut Creek (lower)",1993-10-27,60.87,6.4,9.89,10,8.36,0.76,19.46,21.51,22.88,9.25,37.27,102.8
VT67,"East Fork of Chestnut Creek (lower)",1994-01-25,38.14,6.3,8.26,2.2,17.64,0.71,19.67,16.17,19.18,5.32,31.7,85.84
VT67,"East Fork of Chestnut Creek (lower)",1994-04-26,42.28,6.4,8.31,11.1,12.93,0.71,19.06,16.52,19.01,4.95,31.7,82.52
VT67,"East Fork of Chestnut Creek (lower)",1994-07-25,48.24,6.3,9.26,16.1,15.15,0.82,17.25,23.3,23.37,4.87,34.23,90.84
VT67,"East Fork of Chestnut Creek (lower)",1994-10-26,42.28,6.5,9.16,8.9,13.89,0.77,18.57,19.61,21.23,7.62,33.66,92.93
VT67,"East Fork of Chestnut Creek (lower)",1995-01-27,33.8,6.2,7.83,6,17.4,0.82,18.69,14.22,18.27,4.45,30.14,84.18
VT67,"East Fork of Chestnut Creek (lower)",1995-04-24,45.72,6.5,8.95,7,12.86,0.76,19,20.66,22.39,5.22,34.92,85.36
VT67,"East Fork of Chestnut Creek (lower)",1995-07-24,50.77,6.5,8.94,16,8.08,0.68,19.26,21.26,22.14,3.82,35.05,96.6
VT67,"East Fork of Chestnut Creek (lower)",1995-10-25,47.03,6.4,8.99,11,13.87,0.56,20.21,19.36,20.33,6.83,34.66,97.03
VT67,"East Fork of Chestnut Creek (lower)",1996-01-30,29.36,6.1,8.69,6,23.57,0.54,19.87,17.07,20.82,4.66,28.96,77.37
VT67,"East Fork of Chestnut Creek (lower)",1996-04-30,33.9,6.1,11.12,10,27.49,0.65,17.25,30.59,30.78,8.01,32.49,68.76
VT67,"East Fork of Chestnut Creek (lower)",1996-07-30,47.03,6.4,9.05,16,7.55,0.65,19.44,22.66,21.89,3.95,34.92,96.33
VT67,"East Fork of Chestnut Creek (lower)",1996-10-30,50.77,6.2,9.32,,11.66,0.65,19.49,20.16,21.81,7.01,35.4,96.71
VT67,"East Fork of Chestnut Creek (lower)",1997-01-28,38.14,6.2,10.22,7.2,23.59,0.62,25.74,22.61,24.94,6.01,35.4,78.6
VT67,"East Fork of Chestnut Creek (lower)",1997-05-07,46.42,6.4,8.83,9,15.09,0.62,19.09,19.76,22.55,5.01,31.01,80.79
VT67,"East Fork of Chestnut Creek (lower)",1997-07-22,61.68,6.4,10.41,16,6.61,0.63,20.01,24.5,24.69,5.38,36.01,99.14
VT67,"East Fork of Chestnut Creek (lower)",1997-10-31,54.61,6.3,9.86,12,10.16,0.67,19.49,20.21,20.9,7.67,36.75,101.8
VT67,"East Fork of Chestnut Creek (lower)",1998-04-27,43.19,6.2,9.18,14,14.83,0.62,19.78,19.56,21.97,5.11,30.18,75.13
VT67,"East Fork of Chestnut Creek (lower)",1998-07-22,59.25,6.4,9.49,20,6.07,1.3,20.73,22.31,22.88,4.48,34.97,96.32
VT67,"East Fork of Chestnut Creek (lower)",1999-01-25,32.18,6.0,10.64,6,29.27,0.96,22.74,23.5,26.01,6.93,28.96,71.07
VT67,"East Fork of Chestnut Creek (lower)",1999-04-28,54,6.3,10.72,10,17.02,0.84,19.46,28.19,26.34,6.38,34.1,84.13
VT67,"East Fork of Chestnut Creek (lower)",1999-07-30,61.37,6.3,10.22,19,8,1.36,20.33,27.89,26.34,5.01,36.45,95.65
VT67,"East Fork of Chestnut Creek (lower)",2000-04-25,38.14,6.1,9.57,9,21.13,0.74,18.69,22.71,25.18,5.64,29.53,74.6
VT67,"East Fork of Chestnut Creek (lower)",2000-07-25,51.58,6.4,8.07,15.5,1.74,0.74,17.19,18.41,21.32,3.82,31.31,92.22
VT67,"East Fork of Chestnut Creek (lower)",2000-10-31,63.39,6.6,9.89,9,7.85,0.68,19.38,22.46,22.63,7.99,37.23,104.1
VT67,"East Fork of Chestnut Creek (lower)",2001-01-26,44.81,6.3,9.77,2,18.99,0.74,19.84,21.66,20.58,5.35,36.27,92.26
VT67,"East Fork of Chestnut Creek (lower)",2001-04-27,49.86,6.4,9.57,13,14.3,0.73,19.44,21.61,20.9,5.19,35.53,90.6
VT67,"East Fork of Chestnut Creek (lower)",2001-07-25,49.96,6.6,10.05,16,12.77,0.79,19.09,26.35,24.53,5.01,35.97,94.74
VT67,"East Fork of Chestnut Creek (lower)",2001-10-25,59.96,6.4,11.1,13,12.48,0.74,21.82,24.3,25.18,11.6,36.18,99.59
VT67,"East Fork of Chestnut Creek (lower)",2002-01-25,34.41,6.1,10.26,6,26.62,0.79,19.98,23.25,24.2,6.67,32.14,79.18
VT67,"East Fork of Chestnut Creek (lower)",2002-04-29,45.72,6.4,9.38,13,15.45,0.8,19.12,21.01,21.15,5.64,35.18,85.87
VT67,"East Fork of Chestnut Creek (lower)",2002-07-25,55.72,6.3,10.87,16,16.05,0.8,19,30.89,25.35,6.61,36.05,95.5
VT67,"East Fork of Chestnut Creek (lower)",2002-10-28,52.48,6.4,9.98,13,19.16,0.66,21.13,27.3,25.76,8.8,37.01,95.63
VT67,"East Fork of Chestnut Creek (lower)",2003-01-29,42.28,6.3,8.89,2.5,16.18,0.71,21.13,19.91,20.25,4.58,34.97,89.16
VT67,"East Fork of Chestnut Creek (lower)",2003-04-28,38.95,6.2,8.71,,20.19,0.67,20.18,19.16,21.73,4.37,31.66,78.79
VT67,"East Fork of Chestnut Creek (lower)",2003-07-28,39.86,6.2,9,15,17.19,0.68,19.29,20.41,22.72,3.98,32.27,87.63
VT67,"East Fork of Chestnut Creek (lower)",2003-10-27,42.28,6.2,12.4,11.5,31.05,0.7,22,29.04,29.71,17.48,35.44,84.31
VT67,"East Fork of Chestnut Creek (lower)",2004-02-05,44.51,6.3,9.3,2.5,15.52,0.68,19.95,18.81,21.07,4.66,34.92,83.15
VT67,"East Fork of Chestnut Creek (lower)",2004-04-30,47.33,6.4,9.5,10.5,16.87,0.68,18.83,21.51,23.62,5.4,34.27,79.13
VT67,"East Fork of Chestnut Creek (lower)",2004-07-27,55.82,6.4,10.1,15.6,12.39,0.71,18.8,24.9,25.76,5.35,36.1,95.63
VT67,"East Fork of Chestnut Creek (lower)",2004-10-27,44.81,6.2,10,12.5,18.02,0.65,21.62,21.51,22.63,8.96,35.57,91.34
VT67,"East Fork of Chestnut Creek (lower)",2005-01-26,39.05,6.2,8.2,4.5,12.24,0.7,19.98,15.97,20.16,4.53,30.09,83.67
VT67,"East Fork of Chestnut Creek (lower)",2005-04-25,39.76,6.3,9,8.9,16.8,0.7,18.72,18.81,22.47,4.74,32.92,81.76
VT67,"East Fork of Chestnut Creek (lower)",2005-07-26,43.9,6.1,8.7,15,12.33,0.7,19.7,20.11,22.96,3.95,30.22,87.38
VT67,"East Fork of Chestnut Creek (lower)",2005-10-25,47.4,6.3,9.2,10,16.11,0,19.32,18.31,21.2,6.85,37.35,96.53
VT67,"East Fork of Chestnut Creek (lower)",2006-01-25,41.37,6.3,9.2,5,20.86,0,20,19.14,23.01,5.87,34.48,87.45
VT67,"East Fork of Chestnut Creek (lower)",2006-04-24,55.78,6.5,9.8,12,16.4,0,19.09,25.42,25.29,6.26,37.51,86.49
VT67,"East Fork of Chestnut Creek (lower)",2006-07-24,52.45,6.4,9.1,15.5,13.3,0,19.1,22.02,22.67,4.59,36.67,96.86
VT67,"East Fork of Chestnut Creek (lower)",2006-10-30,43.28,6.3,10.1,,26.14,0,19.35,21,25.13,8.26,35.29,91.42
VT67,"East Fork of Chestnut Creek (lower)",2007-01-25,36.12,6.4,9,,14.27,0,20.71,14.78,19.29,4.63,31.6,85.77
VT67,"East Fork of Chestnut Creek (lower)",2007-04-24,42.26,6.4,9.5,9,18.07,0,19.18,19.98,23.15,5.36,35.16,82.75
VT67,"East Fork of Chestnut Creek (lower)",2007-07-25,50.63,6.4,9.4,14,17.82,0,18.56,27.15,25.59,7.32,36.09,90.41
VT67,"East Fork of Chestnut Creek (lower)",2007-10-26,5.41,5.3,12.4,13.5,50.96,0.62,21.22,27.43,28.46,9.69,22.74,58.1
VT67,"East Fork of Chestnut Creek (lower)",2008-01-25,40.68,6.3,8.4,1,16.78,1.01,20.81,15.84,19.96,4.5,36.21,95.1
VT67,"East Fork of Chestnut Creek (lower)",2008-04-25,38.31,6.4,9.5,11,20.54,0.98,20.27,18.96,23,5.5,34.89,85.09
VT67,"East Fork of Chestnut Creek (lower)",2008-07-31,58.77,6.4,10.3,17,8.89,0.74,20.44,26.22,24.42,5.86,38.5,100.6
VT67,"East Fork of Chestnut Creek (lower)",2008-10-27,35.63,6.2,9.4,10,17.63,0,22,20.67,23.42,6.47,32.43,84.44
VT67,"East Fork of Chestnut Creek (lower)",2009-01-26,39.7,6.4,8.9,3,17.07,0,20.64,17.85,19.44,4.72,35.87,87.35
VT67,"East Fork of Chestnut Creek (lower)",2009-05-04,37.51,6.4,9.7,14.5,22.77,0,20.31,20.46,23.1,5.79,33.74,78.17
VT67,"East Fork of Chestnut Creek (lower)",2009-07-27,50.45,6.5,8.9,15,10.4,0,20.22,19.05,19.06,4.32,37.2,92.7
VT67,"East Fork of Chestnut Creek (lower)",2009-10-27,49.94,6.3,10.5,10,14.86,0,21.79,24.25,25.3,7.59,36.82,92.6
VT67,"East Fork of Chestnut Creek (lower)",2010-04-26,43.74,6.5,9.1,11,14.94,0,19.23,17.14,20.09,5.21,34.16,82.2
VT67,"East Fork of Chestnut Creek (lower)",2010-07-26,59.96,6.3,10.2,20,7.25,0,20.3,21.61,21.93,5.52,40.28,99.01
VT67,"East Fork of Chestnut Creek (lower)",2010-10-26,60.22,6.3,11.4,13,13.03,1.21,23.57,23.46,28.3,14.2,39.01,98.97
VT67,"East Fork of Chestnut Creek (lower)",2011-01-31,46.03,6.3,9.8,3.5,17.7,0.26,21.95,19.36,20.11,6.04,41.25,89.16
VT67,"East Fork of Chestnut Creek (lower)",2011-04-27,38.59,6.3,9.4,13,15.05,0.24,24.89,18.21,21.48,6.92,36.12,80.85
VT67,"East Fork of Chestnut Creek (lower)",2011-07-25,53.07,6.3,9.9,18,9.96,0,21.09,22.3,22.7,6.37,37.84,97.25
VT67,"East Fork of Chestnut Creek (lower)",2011-10-25,42.35,6.4,9.8,10,18.23,0,20.83,19.23,21.14,7.21,38.69,95.07
VT81,"East Fork of Chestnut Creek (upper)",2001-04-27,49.86,6.5,9.57,11,14.17,0.73,18.4,21.11,20.58,5.24,35.92,91.2
VT81,"East Fork of Chestnut Creek (upper)",2001-07-25,48.95,6.1,9.92,16,12.82,0.79,20.7,25.95,24.44,5.01,36.23,95.65
VT81,"East Fork of Chestnut Creek (upper)",2001-10-25,54,6.2,10.48,12,11.66,0.74,20.16,23.1,23.29,11.57,37.45,99.64
VT81,"East Fork of Chestnut Creek (upper)",2002-01-25,37.23,6.1,10.68,6,29.96,0.79,20.16,24.95,26.34,6.91,33.4,81.94
VT81,"East Fork of Chestnut Creek (upper)",2002-04-29,48.24,6.4,9.31,13,15.3,0.8,18.34,20.51,20.9,5.61,35.62,86.85
VT81,"East Fork of Chestnut Creek (upper)",2002-07-25,53.19,6.2,10.64,16,15.84,0.8,19.35,30.09,25.68,6.46,36.53,95.5
VT81,"East Fork of Chestnut Creek (upper)",2002-10-28,50.67,6.3,9.77,13,18.92,0.66,21.25,26.15,24.94,8.59,36.84,95.44
VT81,"East Fork of Chestnut Creek (upper)",2003-01-29,40.67,6.3,8.89,2.5,15.9,0.71,21.02,19.31,20.16,4.58,34.75,89.34
VT81,"East Fork of Chestnut Creek (upper)",2003-04-28,38.95,6.3,8.51,,20.1,0.67,20.67,18.61,21.23,4.48,31.57,78.77
VT81,"East Fork of Chestnut Creek (upper)",2003-07-28,40.67,6.1,9.2,15,17.34,0.68,19.32,19.21,22.39,3.95,32.7,87.98
VT81,"East Fork of Chestnut Creek (upper)",2003-10-27,40.67,6.2,12.3,11.5,30.17,0.7,21.85,26.2,28.23,17.19,35.36,84.3
VT81,"East Fork of Chestnut Creek (upper)",2004-02-05,41.37,6.3,9.1,2.5,16.4,0.68,19.12,18.16,20.25,4.58,35.62,84.93
VT81,"East Fork of Chestnut Creek (upper)",2004-04-30,45.72,6.4,9.5,10,18.07,0.7,18.8,21.26,23.54,5.43,34.62,79.12
VT81,"East Fork of Chestnut Creek (upper)",2004-07-27,49.96,6.3,10.1,15.6,12.15,0.71,18.92,24.85,25.68,5.24,35.92,95.85
VT81,"East Fork of Chestnut Creek (upper)",2004-10-27,42.28,6.3,9.5,12.5,18.22,0.68,19.72,20.06,22.55,7.56,34.31,90.47
VT81,"East Fork of Chestnut Creek (upper)",2005-01-26,39.05,6.3,8.6,4.5,16.37,0.7,18.77,17.02,20.33,4.48,32.62,87.14
VT81,"East Fork of Chestnut Creek (upper)",2005-04-25,39.76,6.4,8.9,8.9,16.91,0.7,18.8,18.71,22.22,4.56,32.1,81.74
VT81,"East Fork of Chestnut Creek (upper)",2005-07-26,40.57,6.1,9.1,15,18.05,0.7,18.46,20.21,24.11,4.21,32.75,88.9
VT81,"East Fork of Chestnut Creek (upper)",2005-10-25,47.4,6.4,9.1,10,16.13,0,19.24,18.33,21.92,6.97,37.41,96.61
VT81,"East Fork of Chestnut Creek (upper)",2006-01-25,40.58,6.3,8.8,5,21.39,0,19.12,18.72,22.83,5.22,33.59,87.2
VT81,"East Fork of Chestnut Creek (upper)",2006-04-24,54.12,6.5,9.7,12,16.16,0,19.21,24,24.82,6.34,37.67,87.35
VT81,"East Fork of Chestnut Creek (upper)",2006-07-24,51.47,6.4,9.1,15,13.3,0.45,19.16,21.61,22.7,4.58,36.73,97.08
VT81,"East Fork of Chestnut Creek (upper)",2006-10-30,43.15,6.3,10.1,,26.11,0,19.37,20.95,24.94,8.3,35.4,91.62
VT81,"East Fork of Chestnut Creek (upper)",2007-02-05,39.38,6.6,8.3,1,15.3,0.91,19.72,16.26,19.16,4.34,34.88,88.68
VT81,"East Fork of Chestnut Creek (upper)",2007-04-24,42.43,6.4,9.5,9,18.14,0,19.07,19.61,23.27,5.41,35.47,81.78
VT81,"East Fork of Chestnut Creek (upper)",2007-07-25,50.15,6.4,9.5,14,17.53,0,18.46,26.74,25.72,7.29,36.17,90.61
VT81,"East Fork of Chestnut Creek (upper)",2007-10-26,5.03,5.2,12.4,13.5,51.3,0.69,21.09,27.18,28.54,9.67,22.84,57.53
VT81,"East Fork of Chestnut Creek (upper)",2008-01-25,43.41,6.4,8.3,1,17.83,0.99,20.16,17.67,19.62,4.84,38.8,98.98
VT81,"East Fork of Chestnut Creek (upper)",2008-04-25,38.25,6.4,9.6,11,20.84,0,20.29,18.67,22.87,5.53,35.22,85.87
VT81,"East Fork of Chestnut Creek (upper)",2008-07-31,59.57,6.4,9.9,17,8.5,0,19.13,26.19,23.57,5.04,39.19,100.2
VT81,"East Fork of Chestnut Creek (upper)",2008-10-27,40.89,6.3,10.1,9,20.14,0,21.57,21.45,23.57,7.74,37.02,90.6
VT81,"East Fork of Chestnut Creek (upper)",2009-01-26,38.84,6.3,8.9,3,16.93,0,20.58,16.04,19.02,4.74,36.01,87.74
VT81,"East Fork of Chestnut Creek (upper)",2009-05-04,36.96,6.3,9.9,14,25.47,0,20.31,22.15,23.58,5.93,34.43,78.17
VT81,"East Fork of Chestnut Creek (upper)",2009-07-27,49.73,6.5,9,16,10.2,0,19.99,17.66,18.86,4.3,37.32,92.7
VT81,"East Fork of Chestnut Creek (upper)",2009-10-27,47.25,6.4,10.1,10,16.65,0,20.62,18.72,20.58,8.22,38.11,94.15
VT81,"East Fork of Chestnut Creek (upper)",2010-04-26,43.95,6.4,9.1,11,14.92,0,19.33,17.5,20.14,5.24,34.28,82.59
VT81,"East Fork of Chestnut Creek (upper)",2010-07-26,58.65,6.4,9.9,18.3,7.28,0.25,19.72,22.5,22.26,5.19,39.52,99.2
VT81,"East Fork of Chestnut Creek (upper)",2010-10-26,61.52,6.4,11.3,13,13.07,0.59,21.57,24.39,23.57,15.39,40.72,98.37
VT81,"East Fork of Chestnut Creek (upper)",2011-01-31,45.88,6.2,9.5,3.5,17.4,0,19.66,19.68,20.05,5.58,38.84,90.33
VT81,"East Fork of Chestnut Creek (upper)",2011-04-27,36.46,6.3,9.2,13,20.2,0.24,20.58,17.25,21.54,6.04,34.77,81.98
VT81,"East Fork of Chestnut Creek (upper)",2011-07-25,53.62,6.4,9.6,18,9.55,0.39,20.1,21.82,21.79,6,38.09,95.97
VT81,"East Fork of Chestnut Creek (upper)",2011-10-25,43.35,6.4,9.5,10,18.23,0,20.03,19.07,20.78,6.92,37.84,95.26
VT81,"East Fork of Chestnut Creek (upper)",2012-01-27,33.83,6.2,9.6,,23.86,0,18.7,19.4,22.03,6.19,33.6,77.87
VT81,"East Fork of Chestnut Creek (upper)",2012-04-26,36.7,6.1,9.6,10,20.46,0,15.93,22.55,25.12,6.88,30.94,67.49
VT81,"East Fork of Chestnut Creek (upper)",2012-07-25,51.83,6.4,9.7,18,11.36,0.31,18.71,23.73,23.25,5.4,37.03,94.56
VT81,"East Fork of Chestnut Creek (upper)",2012-10-24,56.38,6.5,10.4,12,12.59,0.47,20.94,18.17,19.4,8.73,40.59,100.5
VT81,"East Fork of Chestnut Creek (upper)",2013-01-28,36.17,6.4,9.1,5,21.88,0,19.33,17.18,20.67,5.46,35.09,86.77
VT81,"East Fork of Chestnut Creek (upper)",2013-04-25,41.82,6.5,9.1,10,19.6,0,19.15,18.86,22.04,5.45,34.22,79.18
VT81,"East Fork of Chestnut Creek (upper)",2013-07-24,30.73,6.3,8.9,16,21.39,0,18.18,15.99,21.13,4.88,31.43,81.35
VT81,"East Fork of Chestnut Creek (upper)",2013-10-24,51.43,6.5,9.6,9,11.23,0,19.58,17.96,17.75,8.6,36.94,98.98
VT81,"East Fork of Chestnut Creek (upper)",2014-01-27,39.18,6.4,8.7,3,17.65,0,18.41,17.1,19.57,5.2,34.81,88.48
VT81,"East Fork of Chestnut Creek (upper)",2014-07-28,56.94,6.6,9.5,16,8.31,3.05,19.38,24.76,22.99,5.32,39.32,100.7
VT81,"East Fork of Chestnut Creek (upper)",2014-10-23,50.03,6.4,9.8,8,13.86,0.83,18.54,23.3,23.2,8.51,38.15,101.4
VT81,"East Fork of Chestnut Creek (upper)",2015-01-26,43.79,6.4,9,4,18.33,0.32,17.85,21.54,21.23,5.49,36.88,89.22
VT81,"East Fork of Chestnut Creek (upper)",2015-07-27,63.21,6.4,10.1,17,8.12,1.34,18.86,26.45,24.98,5.7,40.6,98.96
VT81,"East Fork of Chestnut Creek (upper)",2015-10-28,6.17,5.2,12,,45.02,1.56,17.11,25.71,27.84,11.9,18.56,48.36
VT81,"East Fork of Chestnut Creek (upper)",2016-02-01,42.68,6.4,8.7,4.5,16.64,0,18.17,16.29,19.85,5.15,35.06,85.28
VT81,"East Fork of Chestnut Creek (upper)",2016-04-25,49.33,6.4,9.2,14,13.98,0.15,18.97,17.97,20.54,5.91,37.41,83.55
VT81,"East Fork of Chestnut Creek (upper)",2016-07-27,58.39,6.5,9.7,17.5,9.37,0.16,18.56,21.12,21.36,5.37,38.21,97.67
VT81,"East Fork of Chestnut Creek (upper)",2016-10-25,55.54,6.5,9.7,10,12.19,0,19.15,17.66,20.94,9.47,38.22,100.2
VT81,"East Fork of Chestnut Creek (upper)",2017-01-27,37.07,6.4,9.5,5,24.33,0,16.99,17.33,20.55,6.06,34.61,89.41
VT81,"East Fork of Chestnut Creek (upper)",2017-04-26,24.58,6.1,9.4,13,31.31,0.06,16.45,15.01,21.26,6.35,28.73,73.73
VT81,"East Fork of Chestnut Creek (upper)",2017-07-28,54.89,6.5,9.7,17,9.56,0,17.67,20.31,21.87,5.67,38.64,96.47
VT81,"East Fork of Chestnut Creek (upper)",2017-10-31,33.03,6.3,9.2,9.5,23.58,0,17.95,14.97,18.54,6.26,33.88,89.98
VT81,"East Fork of Chestnut Creek (upper)",2018-01-29,37.98,6.4,9.2,6,19.01,0,18.13,15.83,18.31,6.17,36.35,86.67
VT81,"East Fork of Chestnut Creek (upper)",2018-04-26,22.47,6.0,8.7,10,30.94,0,15.75,13.8,19.6,5.9,25.76,67.54
VT81,"East Fork of Chestnut Creek (upper)",2018-07-25,56.15,6.5,9.5,16,8.93,0,18.83,21.62,22.61,5.13,37.91,94.92
VT81,"East Fork of Chestnut Creek (upper)",2018-10-25,39.91,6.2,8.9,9,16.71,0,18.92,15.69,19.19,5.52,35.07,92.16
VT81,"East Fork of Chestnut Creek (upper)",2019-01-25,31.19,6.2,8.2,5,24.77,0,14.94,14.45,20.78,5.3,28.55,74.19
VT81,"East Fork of Chestnut Creek (upper)",2019-04-23,41.66,6.4,8.7,10.5,22.2,0,15.77,19.08,24.27,5.76,31.39,77.84
VT81,"East Fork of Chestnut Creek (upper)",2019-07-29,54.57,6.5,9,15.5,10.4,0,17.49,21.3,22.84,4.97,36.76,96.83
VT81,"East Fork of Chestnut Creek (upper)",2019-10-28,37.08,6.3,9.7,13,19.97,0,18.05,17.98,20.66,8.7,32.75,84.75
VT81,"East Fork of Chestnut Creek (upper)",2020-01-28,36.26,6.3,8.9,6,22.02,0,16.92,17.21,21.61,5.48,32.26,83.05
VT81,"East Fork of Chestnut Creek (upper)",2020-04-28,39.6,6.5,9,12,19.22,0,16.42,17.99,21.51,5.56,32.8,81.08
VT81,"East Fork of Chestnut Creek (upper)",2020-07-29,48.15,6.1,9.4,17,10.73,0,17.51,20.62,22.32,5.38,35.54,94.21
VT81,"East Fork of Chestnut Creek (upper)",2020-10-26,44.23,6.5,9.4,13.5,17.03,0,16.48,18.55,22.9,7.98,34.32,92.93
VT81,"East Fork of Chestnut Creek (upper)",2021-01-29,39.14,6.4,8.6,3,17.2,0,16.24,16.31,20.12,5.25,32.71,84.61
VT81,"East Fork of Chestnut Creek (upper)",2021-04-30,45.36,6.5,9.3,14.5,14.82,0,17.08,18.42,21.02,5.86,34.22,80.49
VT81,"East Fork of Chestnut Creek (upper)",2021-07-28,53.61,6.3,9.6,17,10.5,0,17.4,21.05,21.68,4.88,37.1,102.7
